,ap_name,year,D_cancel,A_cancel,D_divert,A_divert,D_4met,A_4met,%on/t_gate_D,%on/t_ap_D,%on/t_gate_A,avg_taxi_out_time,avg_taxi_out_del,avg_ap_D_del,avg_airborne_del,avg_taxi_in_del,avg_block_del,avg_gate_A_del
0,ABQ,2004.0,242.0,235.0,71.0,46.0,53971,53818,0.803,0.7809,0.7921,9.89,2.43,12.1,2.46,0.83,2.55,10.87
1,ABQ,2005.0,221.0,190.0,61.0,33.0,51829,51877,0.814,0.7922,0.8001,9.79,2.29,11.2,2.26,0.89,2.34,10.24
2,ABQ,2006.0,392.0,329.0,71.0,124.0,49682,51199,0.7983,0.7756,0.7746,9.89,2.16,12.33,2.12,0.84,2.66,11.82
3,ABQ,2007.0,366.0,304.0,107.0,45.0,53255,53611,0.8005,0.7704,0.7647,10.34,2.4,12.95,2.19,1.29,3.06,12.71
4,ABQ,2008.0,333.0,300.0,79.0,42.0,49589,49512,0.8103,0.7844,0.7875,10.41,2.41,12.32,1.82,1.03,2.79,11.48
5,ABQ,2009.0,192.0,162.0,74.0,26.0,42550,42704,0.8341,0.8147,0.8224,9.88,1.89,10.45,1.74,0.92,1.98,9.27
6,ABQ,2010.0,222.0,177.0,71.0,50.0,42302,42169,0.8144,0.7907,0.8047,9.95,2.05,11.58,1.66,0.95,1.9,10.23
7,ABQ,2011.0,345.0,294.0,77.0,61.0,42283,42297,0.8072,0.7758,0.8022,10.5,2.51,12.57,1.58,0.84,1.87,10.63
8,ABQ,2012.0,237.0,181.0,65.0,60.0,39105,39107,0.8219,0.794,0.8177,10.27,2.32,12.11,1.41,0.98,1.8,9.73
9,ABQ,2013.0,232.0,212.0,62.0,46.0,35277,34989,0.771,0.7402,0.7554,10.77,2.64,14.28,1.6,0.92,2.35,12.76
10,ABQ,2014.0,315.0,274.0,66.0,37.0,33292,33137,0.7451,0.7148,0.732,10.64,2.41,15.99,1.73,1.02,2.4,14.72
11,ANC,2004.0,473.0,532.0,73.0,30.0,16503,15511,0.7109,0.677,0.6502,12.41,2.92,23.05,4.03,1.08,5.93,22.62
12,ANC,2005.0,424.0,484.0,74.0,31.0,72043,67034,0.7394,0.7061,0.6955,12.19,2.78,19.97,3.65,1.01,4.96,19.35
13,ANC,2006.0,367.0,436.0,88.0,50.0,75708,69995,0.7771,0.7455,0.711,12.84,2.54,17.07,4.29,0.72,5.83,17.71
14,ANC,2007.0,359.0,423.0,93.0,54.0,78741,73323,0.7838,0.7457,0.7196,13.19,2.29,17.52,5.13,0.39,5.87,18.09
15,ANC,2008.0,268.0,355.0,97.0,57.0,76606,72479,0.7972,0.7698,0.7573,13.44,1.86,14.72,5.13,0.63,5.93,15.89
16,ANC,2009.0,354.0,421.0,84.0,80.0,67252,63135,0.8112,0.7952,0.8264,12.49,1.55,15.88,3.85,0.31,4.19,15.95
17,ANC,2010.0,149.0,204.0,84.0,32.0,73089,68125,0.7992,0.776,0.8045,11.97,1.79,18.83,3.75,0.37,3.91,20.28
18,ANC,2011.0,191.0,265.0,87.0,36.0,72556,66845,0.8276,0.805,0.8292,11.89,1.66,15.6,3.92,0.55,4.01,13.93
19,ANC,2012.0,216.0,284.0,78.0,36.0,70322,66453,0.8442,0.8235,0.8521,11.71,1.52,11.0,3.86,0.34,3.75,9.33
20,ANC,2013.0,141.0,184.0,65.0,40.0,69984,65469,0.8432,0.8228,0.8631,12.03,1.51,10.09,3.4,0.47,3.82,8.46
21,ANC,2014.0,111.0,162.0,74.0,28.0,71099,66704,0.8288,0.8074,0.86,11.33,1.33,12.34,4.09,0.54,4.57,10.82
22,ATL,2004.0,7870.0,8433.0,737.0,772.0,477323,473249,0.7596,0.5757,0.737,20.45,8.73,21.36,5.0,2.79,4.69,15.31
23,ATL,2005.0,13837.0,14480.0,790.0,1080.0,484570,480171,0.7413,0.6216,0.7337,18.52,7.26,21.8,4.24,2.72,4.62,17.23
24,ATL,2006.0,6624.0,7301.0,913.0,787.0,483334,478735,0.715,0.5324,0.7205,20.38,9.63,24.85,3.71,4.13,4.72,16.95
25,ATL,2007.0,6796.0,7790.0,920.0,1045.0,491826,486799,0.7167,0.5713,0.7446,19.67,8.28,24.18,3.88,4.17,4.43,16.09
26,ATL,2008.0,5830.0,6705.0,982.0,1072.0,482903,478627,0.7696,0.6071,0.7559,20.6,9.01,21.59,4.11,4.07,5.09,15.71
27,ATL,2009.0,5324.0,6303.0,1064.0,1116.0,479957,475882,0.7775,0.59,0.7335,21.84,9.73,21.48,3.31,4.75,5.7,16.54
28,ATL,2010.0,8198.0,9279.0,971.0,945.0,469542,465911,0.7961,0.6405,0.7956,21.26,8.61,19.9,2.66,4.32,3.67,14.16
29,ATL,2011.0,6555.0,7484.0,903.0,812.0,454954,453734,0.8008,0.673,0.8068,20.33,7.52,18.25,2.41,4.0,3.54,12.56
30,ATL,2012.0,2259.0,2782.0,798.0,655.0,457501,455968,0.832,0.7401,0.8422,18.8,6.03,14.44,1.62,3.13,2.89,10.27
31,ATL,2013.0,2916.0,3450.0,870.0,655.0,448180,445498,0.7917,0.7025,0.807,18.2,5.83,16.98,2.38,2.6,3.64,12.74
32,ATL,2014.0,5977.0,6483.0,781.0,655.0,428954,428312,0.7899,0.7134,0.8123,17.4,4.92,15.93,2.74,2.77,3.21,12.42
33,AUS,2004.0,477.0,436.0,53.0,40.0,14094,14052,0.7845,0.7658,0.7486,11.0,2.33,13.73,2.85,0.82,3.26,13.95
34,AUS,2005.0,435.0,411.0,57.0,76.0,55790,55678,0.8107,0.7892,0.7641,10.98,2.42,12.04,2.61,0.99,2.74,12.62
35,AUS,2006.0,440.0,387.0,82.0,51.0,56809,56704,0.7826,0.7579,0.7424,11.33,2.34,13.95,2.39,1.02,3.28,14.35
36,AUS,2007.0,827.0,773.0,116.0,114.0,62255,62685,0.7789,0.7499,0.7241,12.1,2.74,14.79,2.41,1.27,3.45,15.39
37,AUS,2008.0,732.0,688.0,95.0,86.0,60425,60559,0.7986,0.773,0.7473,12.11,2.6,13.51,2.05,1.02,3.06,14.42
38,AUS,2009.0,298.0,261.0,72.0,69.0,53686,53651,0.8154,0.7943,0.772,11.67,2.05,12.23,2.26,1.16,2.69,12.73
39,AUS,2010.0,356.0,307.0,74.0,67.0,54502,54481,0.8068,0.7857,0.7734,11.46,1.91,12.18,1.88,0.91,2.36,12.38
40,AUS,2011.0,425.0,399.0,102.0,30.0,55584,55526,0.8051,0.7841,0.7738,11.38,1.97,12.56,1.65,0.97,2.42,12.56
41,AUS,2012.0,353.0,323.0,80.0,60.0,56043,55752,0.8083,0.784,0.7769,11.59,2.25,12.46,1.69,1.18,2.46,12.3
42,AUS,2013.0,390.0,318.0,84.0,80.0,58240,58316,0.7716,0.7433,0.7261,11.8,2.33,14.85,1.8,1.19,3.04,16.35
43,AUS,2014.0,484.0,435.0,88.0,97.0,60588,60264,0.7627,0.7382,0.7222,11.76,2.06,15.59,2.25,1.08,2.88,16.2
44,BDL,2004.0,426.0,368.0,70.0,26.0,52897,52093,0.8222,0.7719,0.768,13.58,3.95,13.1,2.95,0.89,3.48,12.95
45,BDL,2005.0,719.0,669.0,74.0,32.0,58287,57128,0.8108,0.7668,0.7549,13.03,3.66,13.86,3.06,1.03,3.38,14.02
46,BDL,2006.0,561.0,486.0,78.0,34.0,54169,53701,0.794,0.7496,0.7488,13.02,3.32,14.51,2.9,1.01,3.47,14.12
47,BDL,2007.0,757.0,685.0,82.0,40.0,52603,52050,0.783,0.7305,0.7226,13.71,3.76,16.59,3.12,1.19,3.7,15.85
48,BDL,2008.0,587.0,499.0,74.0,80.0,47467,46956,0.8105,0.7682,0.7525,13.56,3.32,14.74,3.39,1.08,3.46,14.4
49,BDL,2009.0,347.0,314.0,79.0,52.0,39994,39698,0.8349,0.7944,0.7933,13.02,2.89,12.33,2.97,0.86,2.93,11.7
50,BDL,2010.0,466.0,425.0,71.0,35.0,39685,39309,0.8154,0.7707,0.7748,13.07,3.0,12.89,3.04,0.97,3.19,12.62
51,BDL,2011.0,614.0,554.0,54.0,35.0,42774,42628,0.8042,0.7676,0.7715,12.81,2.67,14.15,2.9,0.99,2.78,13.42
52,BDL,2012.0,295.0,257.0,48.0,26.0,39274,39122,0.8166,0.7863,0.7832,12.4,2.33,12.77,2.34,0.76,2.43,12.46
53,BDL,2013.0,364.0,331.0,45.0,17.0,38505,38508,0.7931,0.7521,0.7493,12.62,2.69,14.8,2.46,0.9,2.97,14.58
54,BDL,2014.0,467.0,421.0,57.0,32.0,39279,39109,0.7953,0.7605,0.7569,12.76,2.58,14.39,2.34,0.95,2.64,14.79
55,BHM,2004.0,402.0,332.0,71.0,24.0,9336,9557,0.7822,0.7528,0.7282,10.5,2.77,14.25,2.45,1.07,2.63,14.41
56,BHM,2005.0,419.0,395.0,63.0,25.0,36146,36973,0.7815,0.7555,0.719,10.64,2.93,13.86,2.47,0.99,2.55,14.95
57,BHM,2006.0,287.0,257.0,53.0,30.0,33169,33672,0.7537,0.7279,0.6976,11.11,2.66,15.96,2.54,0.94,3.33,16.07
58,BHM,2007.0,459.0,371.0,59.0,23.0,35612,35925,0.7583,0.7257,0.7055,11.77,2.84,16.69,2.68,0.81,3.28,17.23
59,BHM,2008.0,385.0,341.0,58.0,42.0,34605,34766,0.7715,0.7406,0.7289,11.94,2.88,15.82,2.14,0.65,3.0,15.37
60,BHM,2009.0,249.0,209.0,61.0,64.0,29422,29959,0.7785,0.7362,0.7443,12.38,3.21,15.3,1.82,0.73,2.77,14.34
61,BHM,2010.0,315.0,266.0,60.0,55.0,29563,29907,0.7792,0.7303,0.7449,12.54,3.22,15.07,1.5,0.75,2.28,13.49
62,BHM,2011.0,266.0,243.0,42.0,55.0,27376,27705,0.7898,0.7573,0.7509,11.8,2.34,13.84,1.59,0.62,2.32,13.38
63,BHM,2012.0,147.0,143.0,31.0,18.0,26436,26597,0.8107,0.7832,0.7638,11.86,2.21,12.89,1.28,0.71,1.93,13.18
64,BHM,2013.0,203.0,186.0,50.0,52.0,24460,24402,0.7691,0.7327,0.7165,12.45,2.6,15.48,1.55,1.03,2.85,15.4
65,BHM,2014.0,336.0,311.0,46.0,30.0,23725,23682,0.7421,0.7183,0.7016,12.19,2.05,16.75,1.74,0.93,2.93,16.7
66,BNA,2004.0,752.0,723.0,163.0,49.0,84167,84551,0.7849,0.7597,0.7638,10.63,2.5,13.34,3.52,0.75,2.83,12.8
67,BNA,2005.0,706.0,642.0,138.0,84.0,83922,84108,0.7837,0.7614,0.7655,10.9,2.51,13.43,3.48,0.89,2.57,12.79
68,BNA,2006.0,739.0,712.0,187.0,87.0,80868,80903,0.7649,0.7339,0.7472,11.6,2.74,15.21,3.35,1.0,2.82,14.26
69,BNA,2007.0,973.0,931.0,163.0,82.0,81020,81183,0.7513,0.7282,0.7265,11.51,2.37,16.08,3.26,1.31,3.11,15.83
70,BNA,2008.0,791.0,743.0,169.0,58.0,75174,75172,0.7713,0.7424,0.7518,11.66,2.56,15.57,2.88,1.1,2.95,14.53
71,BNA,2009.0,573.0,496.0,132.0,78.0,69219,69209,0.7961,0.7722,0.7871,11.37,2.18,13.35,2.61,1.03,2.72,12.04
72,BNA,2010.0,886.0,830.0,137.0,98.0,69024,69292,0.7733,0.736,0.783,11.8,2.64,14.54,2.3,1.09,2.52,11.87
73,BNA,2011.0,795.0,772.0,140.0,79.0,69429,69281,0.7883,0.7602,0.7869,11.51,2.43,14.06,1.94,0.86,2.48,12.22
74,BNA,2012.0,579.0,527.0,100.0,89.0,69369,69234,0.8155,0.791,0.805,11.28,2.24,12.32,1.68,0.97,2.13,11.09
75,BNA,2013.0,870.0,775.0,157.0,71.0,71623,71103,0.7639,0.7292,0.7599,12.07,2.96,15.84,1.61,1.19,2.76,13.85
76,BNA,2014.0,1266.0,1222.0,152.0,60.0,70497,70414,0.7404,0.7064,0.7364,12.15,2.71,17.31,1.85,1.21,3.01,15.4
77,BOS,2004.0,3332.0,3343.0,269.0,127.0,188413,184869,0.8095,0.7234,0.7755,18.2,6.25,16.15,3.96,1.91,4.45,12.95
78,BOS,2005.0,4199.0,4155.0,266.0,185.0,190420,185755,0.7728,0.6902,0.7267,18.04,5.91,18.53,4.48,2.25,5.19,16.65
79,BOS,2006.0,3359.0,3302.0,377.0,142.0,187003,182418,0.7739,0.694,0.7175,18.25,5.9,18.61,4.43,1.82,5.14,17.55
80,BOS,2007.0,4379.0,4257.0,268.0,192.0,183078,179565,0.7553,0.6567,0.7024,19.3,6.8,21.48,4.55,2.23,5.01,18.48
81,BOS,2008.0,3655.0,3601.0,354.0,183.0,170491,166566,0.7897,0.7075,0.7311,18.91,5.84,18.72,4.79,1.75,4.79,17.44
82,BOS,2009.0,2891.0,2838.0,284.0,126.0,162271,160775,0.8209,0.7492,0.7649,18.32,5.39,15.59,4.22,1.64,4.22,14.92
83,BOS,2010.0,3071.0,3035.0,275.0,137.0,164933,162520,0.8095,0.727,0.7612,18.39,5.47,15.99,4.32,1.49,4.24,14.6
84,BOS,2011.0,3621.0,3633.0,320.0,113.0,168358,164961,0.7878,0.7065,0.7378,18.15,5.2,17.57,4.26,2.02,4.24,16.17
85,BOS,2012.0,1498.0,1523.0,215.0,79.0,161639,158227,0.8204,0.7563,0.795,17.15,4.23,14.82,3.53,1.86,3.0,11.98
86,BOS,2013.0,1640.0,1633.0,275.0,148.0,167549,164108,0.7987,0.7174,0.7682,18.19,5.29,17.08,3.2,1.87,3.46,13.77
87,BOS,2014.0,2316.0,2330.0,349.0,121.0,170013,165166,0.8067,0.7295,0.7696,18.19,5.0,15.68,3.23,1.62,3.23,13.8
88,BUF,2004.0,514.0,435.0,40.0,46.0,12215,12188,0.7764,0.7403,0.7173,12.41,3.16,15.0,2.29,0.85,2.85,15.89
89,BUF,2005.0,456.0,416.0,41.0,35.0,46558,46582,0.7535,0.716,0.7104,12.46,3.32,17.14,2.08,1.21,3.14,16.67
90,BUF,2006.0,559.0,489.0,87.0,37.0,45322,45345,0.7477,0.712,0.7095,12.62,3.17,17.51,2.46,1.16,3.59,16.63
91,BUF,2007.0,689.0,622.0,54.0,46.0,44568,44509,0.729,0.6837,0.6785,13.03,3.25,20.01,3.41,0.83,4.07,19.13
92,BUF,2008.0,611.0,539.0,60.0,37.0,43245,42984,0.7606,0.7239,0.7287,12.88,3.02,18.18,3.56,0.93,3.82,16.65
93,BUF,2009.0,344.0,301.0,38.0,45.0,40467,40256,0.7901,0.7502,0.761,12.88,3.02,16.17,3.33,1.0,3.07,13.92
94,BUF,2010.0,483.0,421.0,46.0,33.0,39546,39398,0.7826,0.7362,0.7534,12.95,3.1,16.25,3.08,1.03,2.83,14.56
95,BUF,2011.0,387.0,362.0,45.0,27.0,39067,38890,0.7663,0.7338,0.7574,12.08,2.38,16.74,2.66,0.78,2.76,14.96
96,BUF,2012.0,330.0,298.0,35.0,36.0,38909,38714,0.7857,0.7638,0.7744,11.54,1.88,14.63,2.37,0.9,2.28,13.34
97,BUF,2013.0,422.0,356.0,27.0,21.0,38706,38393,0.7736,0.7248,0.7437,12.71,3.22,16.95,2.33,1.15,2.76,15.31
98,BUF,2014.0,612.0,562.0,46.0,27.0,34314,34112,0.7584,0.7237,0.7376,12.17,2.42,17.26,2.33,0.7,2.5,15.96
99,BUR,2004.0,263.0,260.0,98.0,23.0,38148,37293,0.7792,0.7637,0.7703,10.28,2.12,12.78,2.55,0.58,2.33,11.73
100,BUR,2005.0,285.0,235.0,110.0,19.0,40769,40424,0.7733,0.7435,0.747,10.93,2.73,13.47,2.66,0.89,2.89,12.56
101,BUR,2006.0,427.0,400.0,217.0,69.0,42697,42915,0.7762,0.7414,0.7631,11.56,2.74,13.5,2.57,0.58,2.63,11.79
102,BUR,2007.0,517.0,477.0,288.0,34.0,43833,43406,0.7804,0.7448,0.7707,11.89,2.74,13.86,2.8,0.69,2.52,11.99
103,BUR,2008.0,535.0,507.0,141.0,56.0,40341,40135,0.7948,0.772,0.7942,11.6,2.24,12.24,2.29,0.71,2.16,10.9
104,BUR,2009.0,412.0,390.0,115.0,47.0,34863,34744,0.8419,0.8302,0.8305,10.9,1.72,9.19,2.4,0.57,1.73,8.61
105,BUR,2010.0,465.0,444.0,124.0,46.0,34610,34039,0.8092,0.7926,0.8027,10.76,1.89,11.16,2.02,0.66,1.74,9.96
106,BUR,2011.0,493.0,426.0,76.0,66.0,32875,32495,0.8194,0.7992,0.7949,10.95,2.07,10.81,2.07,0.59,2.06,10.38
107,BUR,2012.0,488.0,456.0,33.0,40.0,32152,31902,0.8369,0.8173,0.8249,10.94,2.09,10.16,1.81,0.59,1.56,8.8
108,BUR,2013.0,399.0,386.0,30.0,8.0,31469,31215,0.8072,0.7889,0.8009,10.77,1.87,11.44,1.73,0.51,1.62,10.14
109,BUR,2014.0,427.0,403.0,36.0,39.0,30148,29885,0.7821,0.7613,0.7657,10.86,1.95,12.58,2.05,0.52,1.84,12.19
110,BWI,2004.0,1186.0,1093.0,162.0,176.0,131690,131476,0.781,0.7491,0.7853,12.09,3.14,14.07,4.65,1.06,2.99,12.14
111,BWI,2005.0,1407.0,1313.0,153.0,150.0,132011,131803,0.7682,0.7354,0.7787,12.05,3.39,15.28,4.33,1.11,2.76,12.66
112,BWI,2006.0,1127.0,1057.0,165.0,172.0,131521,131308,0.7608,0.7255,0.7703,11.98,3.17,15.8,4.14,0.92,2.69,13.13
113,BWI,2007.0,1759.0,1614.0,154.0,162.0,130735,130812,0.748,0.702,0.7493,12.5,3.59,17.67,3.83,1.41,3.21,14.58
114,BWI,2008.0,1002.0,964.0,206.0,128.0,123340,123587,0.7833,0.7467,0.7824,12.0,2.97,15.53,3.37,1.22,2.88,13.23
115,BWI,2009.0,1042.0,970.0,206.0,172.0,121056,120992,0.7886,0.7335,0.8134,12.82,3.82,15.24,3.06,1.43,2.69,10.74
116,BWI,2010.0,2282.0,2180.0,203.0,229.0,124683,124272,0.7613,0.7112,0.7952,12.52,3.39,15.8,3.1,1.66,2.83,11.51
117,BWI,2011.0,1567.0,1418.0,177.0,310.0,127281,126806,0.773,0.7239,0.8038,12.53,3.35,16.31,2.75,1.54,2.77,11.92
118,BWI,2012.0,1511.0,1400.0,151.0,296.0,124035,123690,0.7756,0.7216,0.8055,12.65,3.46,15.78,2.55,1.69,2.83,11.56
119,BWI,2013.0,954.0,878.0,145.0,208.0,118012,117135,0.7305,0.6674,0.7756,13.1,3.92,18.53,2.28,2.05,2.84,12.83
120,BWI,2014.0,1588.0,1549.0,213.0,181.0,110589,110243,0.7159,0.6517,0.7672,13.34,3.97,19.4,3.27,1.74,2.75,13.73
121,CLE,2004.0,1438.0,1498.0,173.0,131.0,122511,121774,0.8433,0.7643,0.7949,17.06,6.18,13.63,3.76,1.59,4.56,11.9
122,CLE,2005.0,1207.0,1216.0,158.0,152.0,122375,121467,0.8304,0.7623,0.7798,16.84,5.44,13.91,3.36,1.91,4.38,12.72
123,CLE,2006.0,1116.0,1114.0,182.0,164.0,117753,116801,0.8323,0.7866,0.7861,15.81,4.09,13.05,3.12,1.14,3.95,12.86
124,CLE,2007.0,1427.0,1422.0,182.0,125.0,114795,114523,0.7907,0.7195,0.7518,16.07,4.76,16.64,3.7,1.8,4.41,14.93
125,CLE,2008.0,1359.0,1306.0,178.0,156.0,111315,111455,0.8072,0.7576,0.7842,14.71,3.53,15.18,3.48,1.19,3.46,13.47
126,CLE,2009.0,628.0,578.0,131.0,90.0,95317,95461,0.8599,0.8295,0.8456,13.06,2.52,10.66,3.04,0.87,2.42,9.39
127,CLE,2010.0,801.0,809.0,117.0,55.0,91769,91615,0.8416,0.7968,0.8151,12.98,2.98,12.09,2.98,1.25,3.2,11.06
128,CLE,2011.0,1022.0,1010.0,116.0,69.0,89033,89039,0.8135,0.778,0.7923,12.54,2.74,14.0,3.05,1.21,3.17,12.89
129,CLE,2012.0,654.0,666.0,98.0,57.0,85359,85279,0.8093,0.7809,0.8019,12.24,2.3,13.93,2.72,1.18,2.19,12.49
130,CLE,2013.0,759.0,762.0,117.0,54.0,85240,84805,0.7837,0.7384,0.7667,12.94,3.04,16.64,2.7,1.19,2.65,15.02
131,CLE,2014.0,1282.0,1280.0,124.0,74.0,60369,60247,0.7761,0.7203,0.7512,13.37,3.36,17.84,2.47,1.14,2.78,16.3
132,CLT,2004.0,1519.0,1593.0,178.0,132.0,211833,210977,0.7748,0.7225,0.8178,15.08,3.6,14.4,5.66,0.7,2.82,9.67
133,CLT,2005.0,1715.0,1881.0,196.0,165.0,241565,240918,0.7481,0.6569,0.7899,15.87,5.08,17.36,5.95,1.78,3.28,11.4
134,CLT,2006.0,1569.0,1742.0,283.0,204.0,234974,234521,0.7799,0.6602,0.7785,17.3,6.28,17.31,5.89,2.15,4.06,12.22
135,CLT,2007.0,2170.0,2406.0,288.0,131.0,241960,241616,0.7296,0.5971,0.7395,17.95,6.61,20.42,4.93,2.54,4.46,14.04
136,CLT,2008.0,1986.0,2227.0,277.0,254.0,248162,248224,0.7861,0.6276,0.7835,18.92,7.78,19.12,3.86,1.93,4.15,11.93
137,CLT,2009.0,1149.0,1331.0,254.0,165.0,238676,238622,0.8175,0.68,0.8058,18.47,7.03,16.31,2.98,1.55,3.8,10.53
138,CLT,2010.0,1616.0,1790.0,217.0,175.0,248474,248301,0.8324,0.739,0.8324,17.16,5.44,14.38,2.64,2.66,3.17,9.66
139,CLT,2011.0,2230.0,2505.0,242.0,290.0,254209,253986,0.7902,0.6927,0.7926,17.85,5.52,16.84,2.39,3.44,3.58,11.82
140,CLT,2012.0,1097.0,1342.0,194.0,174.0,260789,260134,0.8348,0.7641,0.8453,16.9,4.44,12.73,2.58,2.99,2.68,8.71
141,CLT,2013.0,1701.0,1968.0,260.0,159.0,263287,262066,0.805,0.7169,0.8076,17.79,5.18,15.41,3.36,2.86,3.6,11.02
142,CLT,2014.0,1925.0,2145.0,163.0,214.0,257713,257585,0.7841,0.7102,0.8166,16.75,4.19,15.69,3.09,3.11,2.93,10.55
143,CVG,2004.0,5656.0,7136.0,319.0,320.0,252037,251102,0.8091,0.7481,0.8077,15.74,3.98,14.13,5.43,0.71,3.13,10.98
144,CVG,2005.0,4606.0,5803.0,350.0,256.0,242191,241472,0.8382,0.7663,0.8276,15.77,4.64,12.78,4.54,1.52,2.8,9.86
145,CVG,2006.0,1816.0,2359.0,296.0,236.0,168752,168780,0.844,0.7892,0.8319,14.61,3.65,11.45,4.32,1.09,2.88,9.77
146,CVG,2007.0,2415.0,2908.0,249.0,153.0,159430,159414,0.7968,0.7165,0.7908,15.69,4.9,16.04,3.94,1.41,3.31,12.69
147,CVG,2008.0,1853.0,2144.0,205.0,158.0,138516,138424,0.8117,0.7372,0.8107,16.36,4.72,15.23,3.71,1.43,3.06,11.79
148,CVG,2009.0,1056.0,1249.0,171.0,99.0,107128,107179,0.8287,0.7778,0.8433,15.68,3.66,13.02,3.45,1.92,2.4,9.51
149,CVG,2010.0,943.0,1111.0,127.0,103.0,83433,83424,0.8015,0.7496,0.8054,15.57,3.57,14.74,2.36,2.48,2.76,11.65
150,CVG,2011.0,667.0,623.0,62.0,60.0,75511,75374,0.8014,0.7752,0.8142,13.84,1.93,13.75,1.55,1.37,2.12,10.95
151,CVG,2012.0,495.0,456.0,70.0,39.0,66723,66503,0.8139,0.7951,0.8321,13.34,1.71,12.68,1.51,1.02,1.76,10.05
152,CVG,2013.0,965.0,921.0,76.0,42.0,63176,63114,0.7831,0.7423,0.804,14.7,3.3,16.31,1.89,0.77,2.54,12.61
153,CVG,2014.0,670.0,592.0,47.0,35.0,61186,61428,0.7589,0.7332,0.7822,13.28,2.08,16.33,1.59,1.41,2.7,13.26
154,DAL,2004.0,1186.0,1272.0,64.0,83.0,58591,57844,0.705,0.6938,0.7463,8.15,1.86,15.42,4.72,0.65,2.32,13.12
155,DAL,2005.0,969.0,1012.0,55.0,64.0,53226,53340,0.7268,0.7118,0.7686,8.57,1.95,14.46,4.89,0.75,2.14,11.96
156,DAL,2006.0,968.0,1023.0,60.0,74.0,60231,60432,0.7372,0.7152,0.7612,9.27,2.12,15.09,4.44,0.76,2.1,12.87
157,DAL,2007.0,1029.0,1129.0,90.0,201.0,65714,65822,0.705,0.6708,0.7264,9.89,2.52,18.22,4.7,0.88,2.75,15.36
158,DAL,2008.0,975.0,1064.0,113.0,139.0,63362,63315,0.7219,0.6868,0.7486,9.73,2.33,16.9,3.61,0.86,2.35,13.96
159,DAL,2009.0,663.0,737.0,129.0,107.0,55238,55165,0.7464,0.7203,0.7948,9.47,2.09,15.15,3.65,0.65,1.75,11.08
160,DAL,2010.0,729.0,790.0,116.0,124.0,53342,53200,0.6971,0.67,0.7557,9.61,2.21,17.22,3.45,0.91,1.75,13.04
161,DAL,2011.0,911.0,906.0,77.0,156.0,54947,54757,0.7169,0.6965,0.7637,9.28,1.78,15.98,2.74,0.94,1.8,13.33
162,DAL,2012.0,588.0,595.0,74.0,84.0,55964,55754,0.7543,0.7373,0.7899,9.21,1.77,13.71,2.56,0.88,1.71,11.5
163,DAL,2013.0,475.0,544.0,88.0,95.0,57314,56767,0.6899,0.6547,0.7289,10.1,2.51,16.83,2.31,1.6,2.34,14.26
164,DAL,2014.0,654.0,733.0,79.0,115.0,59618,59515,0.6465,0.611,0.7078,10.31,2.28,20.04,2.52,1.36,2.47,16.19
165,DAY,2004.0,418.0,385.0,35.0,29.0,41845,41844,0.7263,0.6853,0.7494,13.53,3.79,17.18,1.61,0.58,2.59,14.27
166,DAY,2005.0,378.0,354.0,31.0,22.0,39119,38814,0.7608,0.7145,0.7529,12.83,3.66,15.58,1.52,0.96,2.64,14.24
167,DAY,2006.0,238.0,247.0,27.0,9.0,31367,31203,0.7851,0.7528,0.751,12.61,2.72,14.58,1.61,0.56,2.81,14.39
168,DAY,2007.0,446.0,403.0,50.0,20.0,29440,29659,0.794,0.7589,0.7326,12.55,2.81,14.97,2.23,1.03,3.02,16.03
169,DAY,2008.0,362.0,345.0,42.0,26.0,28610,28723,0.8115,0.7562,0.7574,13.06,3.66,15.41,2.52,0.99,3.08,14.42
170,DAY,2009.0,240.0,206.0,50.0,27.0,25257,25284,0.8304,0.7793,0.7846,12.81,3.16,13.47,1.95,0.97,2.8,12.49
171,DAY,2010.0,288.0,260.0,22.0,26.0,24635,24681,0.8428,0.7836,0.7888,13.47,3.56,13.12,1.66,0.66,2.92,12.57
172,DAY,2011.0,385.0,360.0,29.0,30.0,23861,23868,0.8266,0.7919,0.7664,12.96,2.57,13.27,1.49,0.76,3.05,14.13
173,DAY,2012.0,262.0,240.0,28.0,18.0,23185,23150,0.8314,0.8033,0.776,12.61,2.22,12.36,1.41,1.04,2.44,12.97
174,DAY,2013.0,333.0,305.0,20.0,10.0,22095,22366,0.7947,0.7419,0.7479,13.46,3.27,15.85,1.37,1.07,2.86,15.1
175,DAY,2014.0,428.0,404.0,27.0,13.0,20533,20524,0.7732,0.7349,0.7199,12.77,2.5,16.44,1.69,0.84,3.1,16.72
176,DCA,2004.0,2349.0,2159.0,164.0,190.0,134223,134342,0.8238,0.7812,0.8254,14.0,3.97,12.8,4.07,1.06,3.09,10.02
177,DCA,2005.0,2855.0,2743.0,191.0,262.0,138576,138447,0.8128,0.7483,0.812,14.62,5.13,15.24,4.32,1.74,3.43,11.12
178,DCA,2006.0,2495.0,2411.0,182.0,298.0,137261,137325,0.8014,0.7245,0.7912,15.49,5.4,16.15,3.73,1.53,3.86,12.32
179,DCA,2007.0,3282.0,3119.0,212.0,212.0,135433,135603,0.7665,0.6801,0.7575,16.21,5.75,19.45,2.87,1.76,4.05,14.57
180,DCA,2008.0,2735.0,2623.0,191.0,136.0,135908,136051,0.8213,0.7474,0.8126,15.81,4.98,15.69,4.22,1.29,3.12,11.25
181,DCA,2009.0,1941.0,1817.0,159.0,237.0,133298,133540,0.8398,0.7676,0.8315,15.83,4.95,14.43,3.6,1.23,2.96,10.12
182,DCA,2010.0,3253.0,3132.0,155.0,168.0,133228,133440,0.8385,0.7749,0.8347,15.67,4.36,13.92,3.67,1.44,2.84,10.09
183,DCA,2011.0,2496.0,2367.0,151.0,285.0,138494,138864,0.7982,0.7353,0.8045,16.11,4.3,16.51,4.13,1.28,3.09,12.11
184,DCA,2012.0,1766.0,1690.0,125.0,189.0,140272,140686,0.8058,0.7397,0.8295,15.67,3.86,15.28,3.45,1.07,2.55,10.64
185,DCA,2013.0,1711.0,1621.0,148.0,169.0,142830,142923,0.7975,0.7158,0.8199,16.51,4.67,17.0,3.39,1.19,2.63,11.38
186,DCA,2014.0,2269.0,2167.0,130.0,175.0,139074,139259,0.7807,0.6936,0.8132,16.59,4.58,17.56,3.35,1.45,2.63,11.39
187,DEN,2004.0,1379.0,1503.0,254.0,232.0,278131,273449,0.8134,0.7687,0.8259,13.91,3.26,12.59,3.73,1.33,3.43,9.74
188,DEN,2005.0,1975.0,2152.0,338.0,262.0,279946,275578,0.804,0.7617,0.8216,13.91,3.29,13.7,3.93,1.98,3.29,10.27
189,DEN,2006.0,4413.0,4621.0,425.0,278.0,297895,294284,0.784,0.732,0.7907,14.51,3.92,15.81,3.64,2.15,4.07,12.04
190,DEN,2007.0,3805.0,4134.0,456.0,282.0,306308,305681,0.7614,0.6819,0.7544,15.94,5.46,18.54,4.48,2.44,4.64,14.34
191,DEN,2008.0,2725.0,2984.0,527.0,384.0,309021,308882,0.7753,0.7023,0.7658,15.65,4.6,16.56,4.79,2.22,4.3,13.29
192,DEN,2009.0,2779.0,2978.0,522.0,564.0,302078,301936,0.7815,0.7174,0.7976,15.54,4.43,16.1,4.87,2.05,3.91,11.54
193,DEN,2010.0,2457.0,2730.0,572.0,686.0,313514,313279,0.7968,0.7447,0.8219,14.34,3.47,14.14,4.23,2.06,2.99,10.58
194,DEN,2011.0,2921.0,3104.0,539.0,648.0,313976,313459,0.7833,0.7313,0.8149,14.01,3.71,15.43,3.73,2.02,3.07,10.84
195,DEN,2012.0,2000.0,2228.0,495.0,314.0,304100,304910,0.7748,0.7232,0.8112,13.55,3.32,15.48,2.9,2.06,2.68,10.88
196,DEN,2013.0,2694.0,2898.0,461.0,727.0,287348,288563,0.72,0.6542,0.7532,14.76,4.34,20.01,2.3,2.45,3.87,14.92
197,DEN,2014.0,3140.0,3475.0,496.0,772.0,281772,282305,0.7168,0.6482,0.7582,15.0,4.36,20.28,2.86,1.98,3.84,15.16
198,DFW,2004.0,5535.0,6147.0,589.0,1154.0,396314,394112,0.8051,0.7152,0.818,18.02,6.61,16.46,2.42,4.63,4.34,11.37
199,DFW,2005.0,4140.0,4541.0,582.0,889.0,350842,349641,0.7909,0.7238,0.8128,17.01,5.27,15.75,2.49,5.03,3.98,11.23
200,DFW,2006.0,5502.0,5839.0,551.0,1085.0,343597,342755,0.7606,0.6959,0.7891,16.77,5.2,17.5,2.02,4.1,3.84,12.71
201,DFW,2007.0,9372.0,9767.0,600.0,1948.0,337258,336365,0.7186,0.6556,0.7341,16.84,5.18,21.59,2.57,4.44,4.98,17.23
202,DFW,2008.0,7272.0,7716.0,635.0,1250.0,322443,321755,0.7479,0.693,0.7702,15.86,4.4,17.77,2.49,4.33,4.32,14.05
203,DFW,2009.0,5101.0,5435.0,651.0,1299.0,314983,314726,0.7542,0.7045,0.7958,15.43,4.04,17.79,2.72,3.68,3.73,13.06
204,DFW,2010.0,4507.0,4799.0,719.0,1234.0,321172,320558,0.7897,0.7456,0.8251,14.82,3.61,15.04,2.17,3.67,2.91,10.95
205,DFW,2011.0,6114.0,6403.0,764.0,1122.0,318711,317906,0.7924,0.7541,0.8304,14.35,3.26,14.56,1.9,3.32,2.86,11.05
206,DFW,2012.0,4980.0,5291.0,663.0,1125.0,319889,319208,0.7913,0.7512,0.8234,14.46,3.38,14.7,2.0,3.64,2.97,11.6
207,DFW,2013.0,7150.0,7467.0,707.0,1170.0,333290,331439,0.7457,0.6982,0.7884,14.67,3.57,17.85,2.21,4.21,3.55,13.99
208,DFW,2014.0,6830.0,7324.0,741.0,1164.0,334660,334397,0.7504,0.699,0.766,15.01,3.96,17.94,2.62,4.95,4.44,15.98
209,DTW,2004.0,2171.0,2315.0,252.0,190.0,252361,250939,0.8091,0.7363,0.8271,17.39,5.0,14.41,4.83,2.06,3.54,9.78
210,DTW,2005.0,2513.0,2628.0,318.0,260.0,253845,252143,0.7487,0.6651,0.7947,17.9,5.39,18.32,4.72,2.36,3.28,12.24
211,DTW,2006.0,1934.0,2067.0,265.0,163.0,232361,231634,0.7755,0.6902,0.789,17.89,5.2,16.43,5.16,2.29,3.94,12.27
212,DTW,2007.0,4103.0,4484.0,355.0,307.0,228892,226666,0.7778,0.6483,0.7485,20.08,7.04,19.11,4.88,3.73,5.0,15.31
213,DTW,2008.0,2583.0,2995.0,402.0,206.0,226840,225224,0.7995,0.7105,0.8029,19.78,5.65,16.63,4.27,2.88,3.51,12.53
214,DTW,2009.0,1512.0,1954.0,424.0,207.0,211239,210518,0.8311,0.7286,0.8224,20.08,6.06,14.68,4.24,2.55,3.27,10.62
215,DTW,2010.0,3149.0,3669.0,397.0,297.0,221903,220623,0.7825,0.6769,0.788,20.03,6.09,17.98,4.72,2.89,3.48,12.77
216,DTW,2011.0,1485.0,1643.0,178.0,170.0,216449,216041,0.792,0.7427,0.8157,17.55,3.25,14.95,4.74,0.92,2.15,11.07
217,DTW,2012.0,838.0,892.0,168.0,151.0,208723,208264,0.8052,0.7585,0.843,17.33,3.16,14.47,3.96,0.85,1.74,9.8
218,DTW,2013.0,2279.0,2580.0,365.0,273.0,207053,206364,0.819,0.7171,0.824,19.89,6.08,16.78,4.23,1.32,2.61,11.85
219,DTW,2014.0,1866.0,1868.0,211.0,190.0,192007,192080,0.8045,0.7477,0.8217,17.47,3.72,15.45,4.12,0.89,2.27,11.64
220,EWR,2004.0,3883.0,3981.0,295.0,418.0,212226,209575,0.7921,0.5698,0.7147,25.93,12.73,23.59,5.93,2.21,6.04,18.54
221,EWR,2005.0,4622.0,4696.0,317.0,472.0,211790,209551,0.7421,0.5255,0.6528,25.96,12.31,26.62,6.22,2.63,7.52,23.18
222,EWR,2006.0,4557.0,4650.0,346.0,756.0,214805,213118,0.7189,0.4525,0.6383,29.13,15.42,31.8,6.21,2.65,7.25,24.79
223,EWR,2007.0,5926.0,5992.0,345.0,718.0,209019,207435,0.6903,0.4335,0.618,28.74,15.22,35.34,5.49,2.8,6.89,27.78
224,EWR,2008.0,4511.0,4608.0,324.0,545.0,207145,206270,0.7034,0.4371,0.6404,28.98,15.63,34.57,4.83,3.18,5.64,26.55
225,EWR,2009.0,2969.0,3013.0,348.0,484.0,196298,195150,0.7408,0.4957,0.6701,25.74,13.09,29.7,4.66,2.15,5.12,24.88
226,EWR,2010.0,3706.0,3750.0,299.0,391.0,192614,191370,0.754,0.61,0.7203,20.94,8.1,23.19,4.11,1.96,4.1,19.37
227,EWR,2011.0,4502.0,4525.0,286.0,491.0,192879,191645,0.7318,0.5873,0.669,20.99,8.49,25.08,4.85,2.54,5.14,22.32
228,EWR,2012.0,3821.0,3915.0,315.0,310.0,196105,195110,0.7217,0.5716,0.7009,21.33,8.71,25.66,3.9,2.86,3.61,19.91
229,EWR,2013.0,3350.0,3579.0,358.0,461.0,196365,194358,0.7264,0.5815,0.7095,20.91,8.41,25.53,3.54,2.51,3.46,20.23
230,EWR,2014.0,4814.0,5197.0,349.0,239.0,189545,188206,0.7211,0.573,0.7153,20.68,8.37,25.46,3.86,2.72,3.15,19.63
231,FLL,2004.0,987.0,963.0,199.0,124.0,106389,106749,0.7699,0.7044,0.7454,16.27,4.67,16.89,3.5,0.93,3.83,14.38
232,FLL,2005.0,1367.0,1302.0,205.0,187.0,121481,120277,0.7194,0.6436,0.7197,16.78,5.4,20.96,3.67,1.2,4.13,16.34
233,FLL,2006.0,526.0,501.0,238.0,121.0,111601,110317,0.7736,0.7279,0.7762,15.28,3.83,15.92,3.58,1.04,3.22,12.77
234,FLL,2007.0,709.0,674.0,232.0,130.0,117119,116401,0.7411,0.6724,0.7247,15.72,4.45,19.4,2.56,1.24,3.68,16.31
235,FLL,2008.0,542.0,500.0,235.0,197.0,113379,112391,0.755,0.6863,0.7326,16.59,4.77,19.63,2.8,1.21,4.13,16.04
236,FLL,2009.0,381.0,376.0,225.0,128.0,102633,101149,0.7687,0.7213,0.7719,15.75,3.68,16.81,2.95,1.29,3.67,13.33
237,FLL,2010.0,750.0,733.0,202.0,126.0,104078,102652,0.772,0.7276,0.7713,15.13,3.24,16.71,3.04,1.06,3.21,13.67
238,FLL,2011.0,767.0,745.0,206.0,128.0,104576,103097,0.7665,0.7049,0.7647,15.87,4.16,17.8,2.08,1.12,3.46,14.28
239,FLL,2012.0,537.0,500.0,182.0,166.0,106550,106006,0.7756,0.7149,0.7693,16.12,4.3,18.71,2.06,0.93,3.27,14.17
240,FLL,2013.0,410.0,401.0,219.0,206.0,104830,104066,0.7426,0.6766,0.7342,16.74,4.47,20.12,2.26,1.15,3.9,16.12
241,FLL,2014.0,875.0,894.0,206.0,157.0,106272,105742,0.729,0.6799,0.7434,15.94,3.58,19.36,2.43,1.21,3.88,15.53
242,HNL,2004.0,96.0,89.0,33.0,41.0,261,259,0.5556,0.5939,0.5985,9.11,0.0,21.11,4.83,0.0,4.07,22.46
243,HNL,2005.0,92.0,81.0,26.0,49.0,796,802,0.6055,0.6256,0.5324,9.4,0.05,16.83,3.04,0.01,3.24,24.43
244,HNL,2006.0,608.0,568.0,20.0,53.0,435,433,0.5425,0.5494,0.5104,10.23,0.05,19.94,4.99,0.0,4.99,25.06
245,HNL,2007.0,407.0,416.0,23.0,43.0,703,691,0.5889,0.5875,0.5253,11.03,0.06,22.42,4.41,0.0,4.58,23.96
246,HNL,2008.0,463.0,484.0,47.0,50.0,425,446,0.6094,0.6071,0.5852,11.15,0.09,22.02,3.44,0.0,3.47,20.1
247,HNL,2009.0,250.0,260.0,58.0,83.0,367,356,0.5232,0.5313,0.4972,11.11,0.07,25.27,4.23,0.0,3.9,25.58
248,HNL,2010.0,225.0,214.0,70.0,70.0,432,444,0.4907,0.4907,0.4932,11.16,0.11,27.41,3.84,0.0,3.44,24.7
249,HNL,2011.0,369.0,361.0,56.0,54.0,499,530,0.6012,0.5972,0.5736,11.13,0.09,19.18,3.47,0.0,2.57,22.69
250,HNL,2012.0,258.0,269.0,55.0,62.0,716,738,0.6131,0.6103,0.584,11.12,0.09,21.26,3.3,0.0,2.72,21.5
251,HNL,2013.0,448.0,457.0,57.0,52.0,519,540,0.5511,0.5472,0.6704,11.29,0.24,23.91,2.64,0.0,2.89,15.17
252,HNL,2014.0,179.0,166.0,64.0,78.0,729,752,0.5857,0.561,0.5505,11.57,0.33,22.93,3.12,0.0,3.59,23.08
253,HOU,2004.0,1238.0,1186.0,114.0,217.0,92661,91206,0.8673,0.8664,0.836,14.96,1.17,11.37,3.51,0.86,4.15,10.69
254,HOU,2005.0,1289.0,1224.0,163.0,257.0,97359,95239,0.8672,0.8734,0.8282,12.79,0.8,10.5,2.73,1.65,3.68,10.19
255,HOU,2006.0,1009.0,1043.0,80.0,176.0,101458,100974,0.8861,0.879,0.8495,12.37,1.63,7.75,2.59,0.87,3.47,8.55
256,HOU,2007.0,940.0,951.0,114.0,265.0,102986,111266,0.8858,0.8823,0.8633,11.93,1.36,8.11,2.38,0.81,2.95,9.14
257,HOU,2008.0,1584.0,1554.0,104.0,215.0,91217,100500,0.8652,0.8433,0.8411,11.9,2.02,9.48,2.11,1.25,3.56,10.0
258,HOU,2009.0,844.0,808.0,105.0,240.0,90128,91124,0.8678,0.8394,0.8452,12.35,2.25,8.95,1.88,1.47,4.24,9.04
259,HOU,2010.0,864.0,842.0,102.0,170.0,83392,83811,0.8789,0.8535,0.8461,12.65,2.26,8.28,1.99,1.62,4.37,8.91
260,HOU,2011.0,868.0,887.0,122.0,85.0,83128,83426,0.8815,0.8611,0.8678,12.66,1.96,8.09,1.79,1.09,3.35,7.99
261,HOU,2012.0,594.0,609.0,120.0,138.0,88261,88228,0.8791,0.8523,0.8629,13.0,2.24,8.67,1.49,1.32,3.22,8.0
262,HOU,2013.0,540.0,553.0,117.0,117.0,87945,87896,0.8734,0.8479,0.8504,13.32,2.27,9.3,1.64,1.3,3.28,9.23
263,HOU,2014.0,955.0,980.0,145.0,153.0,90752,88621,0.8882,0.86,0.8577,13.52,2.31,7.84,1.91,1.17,3.5,8.22
264,HPN,2004.0,349.0,315.0,24.0,47.0,65315,65458,0.728,0.7156,0.7639,8.95,2.26,15.34,5.35,0.92,2.58,12.23
265,HPN,2005.0,320.0,281.0,14.0,41.0,62927,62981,0.7235,0.7055,0.7628,9.38,2.52,16.17,5.45,1.05,2.48,12.48
266,HPN,2006.0,290.0,258.0,29.0,45.0,63002,62901,0.7085,0.6939,0.7515,8.69,1.68,16.5,5.25,1.09,2.46,13.16
267,HPN,2007.0,600.0,522.0,49.0,97.0,64971,64877,0.7014,0.6714,0.7303,9.25,2.42,18.35,5.5,1.21,2.93,14.8
268,HPN,2008.0,346.0,295.0,36.0,97.0,62474,62377,0.7152,0.6879,0.75,9.39,2.41,17.36,4.13,1.3,2.61,13.83
269,HPN,2009.0,200.0,170.0,32.0,99.0,59009,59006,0.7383,0.7209,0.7915,8.92,1.73,15.48,2.41,1.5,2.0,11.13
270,HPN,2010.0,305.0,269.0,32.0,61.0,58084,58176,0.6841,0.6558,0.7649,9.29,2.16,17.73,1.86,1.86,2.16,12.07
271,HPN,2011.0,328.0,293.0,20.0,66.0,60853,60660,0.7082,0.6824,0.779,9.03,1.8,16.83,1.37,1.46,1.93,12.07
272,HPN,2012.0,171.0,145.0,19.0,84.0,63731,63771,0.7228,0.6964,0.7963,9.12,1.87,15.88,1.33,1.49,1.92,10.77
273,HPN,2013.0,263.0,195.0,24.0,88.0,67223,67673,0.6686,0.6321,0.7436,9.41,2.16,18.16,1.29,1.71,2.46,13.19
274,HPN,2014.0,474.0,386.0,23.0,112.0,68319,68348,0.6526,0.6237,0.7159,9.72,2.3,20.22,2.11,1.73,3.0,15.8
275,IAD,2004.0,2856.0,3197.0,271.0,260.0,34104,33880,0.6116,0.5583,0.5732,14.22,4.88,24.1,4.3,1.73,5.73,22.43
276,IAD,2005.0,2452.0,2604.0,182.0,140.0,33059,32858,0.5622,0.5171,0.5604,13.01,3.84,25.76,4.01,1.45,5.02,23.6
277,IAD,2006.0,2232.0,2422.0,238.0,226.0,31937,32086,0.5494,0.5159,0.55,14.4,3.48,25.65,4.17,1.85,5.17,24.01
278,IAD,2007.0,2920.0,3116.0,180.0,168.0,35911,36118,0.5299,0.4612,0.5136,16.01,5.23,30.62,4.67,3.07,6.97,27.16
279,IAD,2008.0,2077.0,2210.0,189.0,150.0,31907,32126,0.5768,0.5266,0.5896,15.43,3.93,26.0,4.68,1.13,4.56,23.18
280,IAD,2009.0,1315.0,1317.0,181.0,122.0,27647,27642,0.6116,0.5824,0.6245,13.84,2.44,22.14,3.96,0.83,4.15,20.54
281,IAD,2010.0,2020.0,2076.0,193.0,181.0,30180,30438,0.6084,0.5779,0.6159,13.17,2.45,22.38,3.63,0.92,4.55,20.77
282,IAD,2011.0,1804.0,1842.0,186.0,177.0,30813,31566,0.5993,0.5731,0.5965,12.73,2.39,23.32,3.87,1.2,4.67,22.31
283,IAD,2012.0,1698.0,1740.0,169.0,135.0,31387,32243,0.6036,0.5851,0.6174,12.05,1.77,21.07,3.71,0.94,4.01,20.23
284,IAD,2013.0,1700.0,1770.0,159.0,122.0,30725,31431,0.5824,0.53,0.5891,13.36,3.33,24.31,3.22,0.74,4.14,21.72
285,IAD,2014.0,2032.0,2035.0,130.0,121.0,30230,30777,0.5837,0.5233,0.5846,13.75,3.53,24.89,3.39,0.99,4.6,22.3
286,IAH,2004.0,1825.0,2010.0,344.0,885.0,212945,215986,0.7261,0.6179,0.7484,18.82,7.17,21.45,5.05,1.28,3.79,15.09
287,IAH,2005.0,3426.0,3545.0,426.0,766.0,233140,236001,0.7425,0.6573,0.7632,18.64,5.8,19.41,4.38,1.75,3.57,14.15
288,IAH,2006.0,2374.0,2500.0,577.0,1539.0,169691,172953,0.7311,0.6822,0.7441,17.16,4.23,19.91,4.36,1.93,3.28,15.84
289,IAH,2007.0,2033.0,2166.0,518.0,1174.0,171679,173013,0.7147,0.6361,0.7193,18.06,5.34,22.55,4.73,1.83,3.67,17.52
290,IAH,2008.0,3261.0,3366.0,508.0,769.0,164378,164798,0.7155,0.6368,0.7327,17.92,4.99,22.68,4.19,1.35,3.11,17.04
291,IAH,2009.0,1249.0,1333.0,510.0,768.0,156324,155395,0.7718,0.7197,0.7876,16.72,3.78,17.53,3.8,1.49,2.74,12.74
292,IAH,2010.0,1375.0,1484.0,486.0,544.0,155124,154841,0.7742,0.7211,0.7804,16.0,3.72,17.29,3.02,1.38,2.71,13.36
293,IAH,2011.0,2105.0,2364.0,527.0,463.0,152047,151481,0.7477,0.6884,0.7527,16.04,4.04,20.01,3.03,1.59,3.34,15.34
294,IAH,2012.0,1898.0,2168.0,469.0,530.0,143837,143568,0.7412,0.6805,0.7634,15.66,3.77,19.45,2.48,1.37,2.49,14.45
295,IAH,2013.0,1894.0,2280.0,511.0,499.0,141951,141085,0.7262,0.6559,0.7421,16.28,4.42,21.13,2.44,1.49,2.76,15.92
296,IAH,2014.0,3744.0,4297.0,576.0,625.0,134578,133877,0.6957,0.6266,0.723,15.94,3.85,23.11,2.78,1.49,3.05,17.66
297,IND,2004.0,509.0,480.0,63.0,26.0,247146,246368,0.8607,0.6809,0.8084,21.45,9.56,16.32,3.37,3.81,5.42,11.19
298,IND,2005.0,608.0,572.0,103.0,49.0,271941,269537,0.8442,0.7184,0.8178,20.32,7.34,14.84,3.53,2.32,4.75,10.7
299,IND,2006.0,387.0,359.0,125.0,53.0,291421,289276,0.7952,0.6599,0.7757,21.28,7.67,18.86,3.53,3.21,5.41,13.91
300,IND,2007.0,991.0,945.0,131.0,54.0,291242,290346,0.786,0.6935,0.7757,19.69,5.73,18.14,3.47,2.9,4.4,14.45
301,IND,2008.0,749.0,708.0,102.0,69.0,278764,278546,0.8003,0.7205,0.7854,18.07,5.0,16.37,3.54,2.42,4.23,14.04
302,IND,2009.0,520.0,490.0,97.0,70.0,261290,261184,0.8416,0.7503,0.8127,17.48,5.36,13.79,2.96,2.29,4.3,11.34
303,IND,2010.0,622.0,560.0,103.0,60.0,257236,256761,0.8211,0.7483,0.8066,16.05,4.26,13.73,2.66,1.99,4.48,11.27
304,IND,2011.0,598.0,524.0,64.0,68.0,254998,254038,0.8034,0.7179,0.7943,16.52,4.84,15.52,2.44,2.26,3.94,12.38
305,IND,2012.0,296.0,251.0,63.0,48.0,247043,246118,0.7671,0.674,0.7915,16.44,5.12,18.43,2.07,2.41,3.09,13.28
306,IND,2013.0,434.0,376.0,82.0,49.0,241954,242330,0.7753,0.7058,0.7929,15.93,4.37,17.05,1.71,2.2,3.08,13.06
307,IND,2014.0,786.0,680.0,66.0,68.0,245284,245369,0.754,0.6729,0.7649,16.62,4.98,18.98,2.65,2.57,3.79,15.19
308,ISP,2004.0,237.0,214.0,39.0,55.0,86320,86866,0.7792,0.7424,0.7445,12.98,3.18,14.49,2.97,1.35,4.43,13.98
309,ISP,2005.0,210.0,213.0,36.0,13.0,92901,93187,0.7605,0.7179,0.737,13.21,3.57,15.64,3.12,1.74,5.02,14.75
310,ISP,2006.0,173.0,181.0,27.0,62.0,87866,87860,0.7781,0.7396,0.7379,13.39,3.18,14.74,2.95,1.64,4.71,14.4
311,ISP,2007.0,175.0,166.0,26.0,34.0,85550,85626,0.7714,0.7229,0.708,14.19,3.69,16.55,3.27,2.34,5.08,16.83
312,ISP,2008.0,70.0,76.0,28.0,22.0,84243,84597,0.7975,0.7502,0.7633,14.14,3.49,14.85,3.19,1.33,3.95,13.51
313,ISP,2009.0,84.0,75.0,26.0,37.0,74138,74235,0.8193,0.7832,0.8183,13.12,2.67,12.95,2.92,0.46,2.99,10.27
314,ISP,2010.0,178.0,172.0,21.0,27.0,71636,71856,0.7958,0.7501,0.7974,13.16,3.05,14.12,2.85,0.46,3.0,11.43
315,ISP,2011.0,147.0,138.0,16.0,29.0,68885,68918,0.7856,0.7603,0.784,12.19,2.02,13.93,2.63,0.78,2.89,12.35
316,ISP,2012.0,67.0,74.0,10.0,19.0,68311,68266,0.8098,0.7831,0.8027,12.05,1.86,12.52,2.16,0.81,2.46,10.92
317,ISP,2013.0,70.0,67.0,12.0,13.0,67136,66993,0.7664,0.7252,0.7706,12.77,2.78,16.18,2.04,1.02,2.84,13.29
318,ISP,2014.0,103.0,104.0,17.0,19.0,66542,66383,0.7231,0.6907,0.7524,12.8,2.5,17.63,2.06,1.18,3.07,14.49
319,JAX,2004.0,645.0,558.0,94.0,63.0,4045,4061,0.84,0.8156,0.7956,10.04,2.73,10.6,3.06,1.09,2.52,10.56
320,JAX,2005.0,363.0,296.0,91.0,32.0,17364,17291,0.8102,0.7899,0.792,9.84,2.58,12.45,3.17,1.02,2.31,11.34
321,JAX,2006.0,311.0,287.0,114.0,41.0,15706,15641,0.8008,0.7945,0.7896,8.59,1.33,12.39,3.62,0.59,2.11,11.93
322,JAX,2007.0,446.0,414.0,122.0,44.0,15214,15170,0.8096,0.7861,0.7713,8.91,1.8,12.99,3.72,0.67,2.14,13.55
323,JAX,2008.0,495.0,434.0,85.0,73.0,13736,12677,0.8058,0.7879,0.7726,8.6,1.55,13.02,2.28,0.76,1.98,13.43
324,JAX,2009.0,274.0,220.0,88.0,64.0,10590,10593,0.8155,0.7973,0.7861,8.4,1.36,11.66,1.75,0.81,1.9,11.73
325,JAX,2010.0,444.0,384.0,95.0,40.0,9856,9770,0.7876,0.767,0.7407,8.55,1.57,12.71,1.75,0.61,2.12,13.92
326,JAX,2011.0,367.0,333.0,75.0,39.0,9556,9546,0.8036,0.7882,0.763,8.64,1.51,13.8,1.42,0.5,1.89,15.37
327,JAX,2012.0,234.0,194.0,56.0,37.0,8716,8710,0.7868,0.7728,0.754,8.38,1.22,14.57,1.23,0.45,1.97,15.33
328,JAX,2013.0,279.0,237.0,71.0,41.0,8344,8291,0.7572,0.7285,0.7059,8.61,1.4,14.73,1.27,0.42,2.57,16.9
329,JAX,2014.0,468.0,417.0,71.0,39.0,7816,7776,0.7238,0.7033,0.6817,9.08,1.56,18.18,1.26,0.46,2.6,19.89
330,JFK,2004.0,1340.0,1194.0,218.0,211.0,11321,11447,0.7824,0.7584,0.7496,11.64,2.5,13.57,1.55,0.7,2.23,13.15
331,JFK,2005.0,1915.0,1749.0,245.0,407.0,46410,46695,0.777,0.7525,0.739,11.76,2.65,14.53,1.69,1.04,3.01,14.12
332,JFK,2006.0,1932.0,1767.0,465.0,489.0,45885,46065,0.7822,0.7587,0.7469,11.88,2.44,14.05,1.5,1.01,2.85,13.68
333,JFK,2007.0,4102.0,4089.0,236.0,635.0,48344,48598,0.7744,0.7407,0.7117,12.76,3.02,15.64,1.37,1.48,3.45,15.88
334,JFK,2008.0,3196.0,3200.0,447.0,530.0,43779,44043,0.7964,0.7701,0.7487,12.69,2.65,14.28,1.44,0.94,3.59,14.34
335,JFK,2009.0,2618.0,2728.0,307.0,375.0,38246,38209,0.8212,0.7858,0.7799,12.97,2.97,12.78,1.28,0.89,3.14,12.04
336,JFK,2010.0,3797.0,3849.0,234.0,401.0,37272,37361,0.8334,0.8011,0.7832,12.66,2.68,11.57,1.15,0.87,2.65,11.9
337,JFK,2011.0,2580.0,2595.0,241.0,400.0,38130,38079,0.822,0.8009,0.7781,12.32,2.22,12.26,1.19,0.81,2.78,12.45
338,JFK,2012.0,1591.0,1613.0,174.0,305.0,34150,34070,0.8279,0.8054,0.7868,12.44,2.21,11.99,1.1,1.04,2.42,12.28
339,JFK,2013.0,1962.0,2007.0,238.0,259.0,34562,34417,0.7957,0.7692,0.7514,12.64,2.34,14.16,1.26,1.15,2.72,14.29
340,JFK,2014.0,2319.0,2380.0,209.0,389.0,35084,35010,0.7868,0.7596,0.7414,12.7,2.19,14.77,2.11,0.85,3.09,14.92
341,LAS,2004.0,1484.0,1347.0,289.0,195.0,151115,148127,0.7543,0.6028,0.7461,23.79,8.75,22.43,3.64,2.95,4.65,14.91
342,LAS,2005.0,1400.0,1271.0,300.0,173.0,164971,162914,0.7133,0.5107,0.6936,27.58,12.17,27.8,4.4,3.9,5.72,18.4
343,LAS,2006.0,1609.0,1460.0,377.0,245.0,180139,178673,0.7182,0.4423,0.6704,32.94,17.12,33.84,4.7,3.35,5.99,20.65
344,LAS,2007.0,1842.0,1677.0,424.0,181.0,210060,209898,0.6688,0.3808,0.6298,35.76,18.94,40.51,6.63,4.01,7.21,24.92
345,LAS,2008.0,2057.0,1805.0,339.0,400.0,208347,207144,0.7343,0.5042,0.667,33.31,14.31,31.57,6.38,3.93,6.34,22.66
346,LAS,2009.0,991.0,924.0,272.0,146.0,201184,199397,0.7784,0.5814,0.7249,31.07,11.98,25.05,5.69,3.63,5.04,17.71
347,LAS,2010.0,1016.0,964.0,303.0,174.0,192101,190038,0.7348,0.57,0.739,28.7,10.1,26.98,5.09,3.74,4.32,17.39
348,LAS,2011.0,1143.0,1088.0,281.0,160.0,197805,196354,0.7393,0.5989,0.7407,25.98,8.5,24.82,5.16,2.55,3.82,17.21
349,LAS,2012.0,918.0,817.0,239.0,182.0,194788,193893,0.7697,0.6409,0.7819,24.98,7.55,21.27,4.32,2.02,2.97,13.89
350,LAS,2013.0,777.0,726.0,274.0,156.0,196105,193781,0.7457,0.6038,0.7375,25.53,8.61,23.64,4.21,2.38,3.88,16.85
351,LAS,2014.0,1115.0,1035.0,266.0,159.0,206239,205660,0.7373,0.5878,0.7344,25.1,8.04,23.83,4.69,2.61,4.05,17.23
352,LAX,2004.0,2508.0,2727.0,382.0,270.0,196424,196144,0.7609,0.6589,0.7631,16.2,5.89,17.67,2.38,1.51,3.29,13.28
353,LAX,2005.0,2379.0,2592.0,363.0,171.0,212089,212329,0.741,0.6581,0.7621,15.39,4.69,17.3,2.19,1.77,3.09,12.99
354,LAX,2006.0,3028.0,3248.0,379.0,260.0,216984,217891,0.737,0.6255,0.7433,16.45,6.0,18.81,2.16,1.8,3.66,13.76
355,LAX,2007.0,3259.0,3417.0,398.0,208.0,223643,225495,0.7447,0.6177,0.7494,16.9,6.56,19.42,2.29,2.01,3.4,13.79
356,LAX,2008.0,2838.0,3077.0,476.0,237.0,207552,208196,0.762,0.6664,0.7586,16.28,5.65,18.58,2.24,1.7,3.63,13.92
357,LAX,2009.0,1911.0,2000.0,363.0,209.0,183201,183116,0.7923,0.7356,0.8069,14.47,3.94,14.28,1.76,1.53,2.71,10.42
358,LAX,2010.0,2206.0,2292.0,420.0,240.0,174475,174562,0.7742,0.7168,0.8008,14.14,3.87,15.26,1.61,1.57,2.24,10.79
359,LAX,2011.0,2617.0,2764.0,439.0,341.0,181828,181770,0.775,0.7176,0.7955,14.26,3.79,15.27,1.57,1.59,2.56,11.14
360,LAX,2012.0,2315.0,2493.0,479.0,241.0,179153,180035,0.7802,0.7286,0.8051,13.93,3.5,15.13,1.47,2.1,2.34,10.84
361,LAX,2013.0,2441.0,2541.0,494.0,332.0,177409,179793,0.7477,0.6901,0.7771,13.99,3.62,17.37,1.29,1.73,2.66,12.84
362,LAX,2014.0,2493.0,2726.0,601.0,298.0,181578,181929,0.7394,0.6887,0.7643,13.61,3.35,17.47,1.71,1.77,2.89,13.47
363,LGA,2004.0,4347.0,4241.0,265.0,449.0,307973,307061,0.8144,0.7604,0.8093,14.08,4.1,13.22,3.03,2.41,3.52,10.47
364,LGA,2005.0,5060.0,4879.0,271.0,592.0,306439,306044,0.801,0.7546,0.7923,13.9,3.72,13.22,3.02,2.37,3.54,11.22
365,LGA,2006.0,4718.0,4668.0,278.0,537.0,306821,306201,0.7819,0.7213,0.7561,14.82,4.36,15.0,3.18,2.93,4.11,13.23
366,LGA,2007.0,6415.0,6304.0,290.0,573.0,316257,316715,0.777,0.6992,0.7501,15.71,4.81,16.24,3.19,3.58,4.05,14.09
367,LGA,2008.0,5753.0,5721.0,270.0,701.0,293640,294144,0.7942,0.7478,0.7675,14.82,3.37,14.62,3.07,2.69,3.93,13.51
368,LGA,2009.0,4007.0,3943.0,272.0,546.0,262782,262838,0.833,0.8032,0.8153,13.68,2.63,11.65,2.75,2.15,2.77,10.83
369,LGA,2010.0,4336.0,4301.0,272.0,483.0,269895,270550,0.8106,0.7674,0.7992,14.09,3.22,13.57,2.65,2.97,2.92,11.59
370,LGA,2011.0,4636.0,4658.0,215.0,434.0,284127,284618,0.8082,0.7493,0.7809,14.86,3.96,14.02,2.77,3.31,3.63,12.32
371,LGA,2012.0,3408.0,3361.0,205.0,398.0,284637,285252,0.8022,0.7334,0.7884,15.39,4.44,14.95,2.47,4.0,3.12,12.14
372,LGA,2013.0,3311.0,3319.0,211.0,545.0,288214,288965,0.8001,0.7435,0.7844,15.21,3.98,14.58,2.33,3.53,3.17,12.66
373,LGA,2014.0,4672.0,4762.0,247.0,433.0,303156,302628,0.7681,0.7048,0.7652,15.44,4.09,16.46,2.64,3.9,3.63,13.99
374,LGB,2004.0,92.0,85.0,32.0,79.0,196421,196310,0.7963,0.621,0.7518,23.28,10.18,20.77,5.29,2.42,4.57,15.47
375,LGB,2005.0,49.0,46.0,33.0,53.0,196606,196474,0.7429,0.569,0.6829,22.44,10.35,24.55,5.73,2.41,5.67,20.41
376,LGB,2006.0,65.0,63.0,34.0,120.0,196274,196378,0.7398,0.5213,0.6671,25.75,13.0,27.64,5.97,2.39,5.99,21.05
377,LGB,2007.0,157.0,147.0,44.0,43.0,191343,191847,0.7004,0.4267,0.6109,27.32,15.0,33.26,6.93,2.56,6.84,25.0
378,LGB,2008.0,134.0,135.0,46.0,89.0,186037,186204,0.7458,0.4705,0.6572,27.03,14.71,30.04,7.28,2.43,5.96,22.23
379,LGB,2009.0,72.0,69.0,24.0,47.0,174192,174054,0.79,0.572,0.7178,24.42,11.96,24.08,7.01,1.89,4.73,18.38
380,LGB,2010.0,129.0,127.0,23.0,34.0,178701,178938,0.7996,0.5804,0.7617,24.42,11.53,22.85,5.83,2.35,3.62,14.95
381,LGB,2011.0,99.0,83.0,17.0,41.0,180288,180945,0.7639,0.5437,0.7373,24.68,11.67,26.25,6.14,1.96,3.54,17.7
382,LGB,2012.0,84.0,66.0,9.0,20.0,181426,182054,0.804,0.5906,0.7814,23.97,10.98,22.33,5.13,2.25,2.97,14.19
383,LGB,2013.0,98.0,96.0,18.0,12.0,182284,181998,0.7698,0.5486,0.746,24.43,11.25,25.84,5.25,2.24,3.28,17.29
384,LGB,2014.0,130.0,123.0,14.0,29.0,180282,180537,0.7599,0.5318,0.7498,24.61,11.21,25.92,4.79,2.34,3.19,16.47
385,MCI,2004.0,670.0,576.0,121.0,98.0,3663,3749,0.8438,0.8329,0.7437,12.35,1.96,9.81,1.98,0.63,4.15,12.79
386,MCI,2005.0,688.0,602.0,100.0,137.0,15607,15858,0.8484,0.8274,0.7743,12.48,2.29,9.57,1.59,0.82,3.25,11.52
387,MCI,2006.0,544.0,474.0,122.0,70.0,15360,16113,0.8435,0.8121,0.7752,13.68,3.01,10.65,1.71,0.78,4.2,11.26
388,MCI,2007.0,1147.0,1006.0,162.0,151.0,16866,17042,0.8255,0.7819,0.7832,15.3,3.79,12.19,2.02,1.39,4.06,11.9
389,MCI,2008.0,841.0,768.0,158.0,122.0,17722,17958,0.8261,0.8062,0.7886,14.45,2.46,11.97,2.26,1.72,4.49,12.59
390,MCI,2009.0,538.0,453.0,102.0,133.0,16686,16753,0.8676,0.8544,0.8367,13.56,2.14,8.72,2.14,1.19,3.34,9.05
391,MCI,2010.0,654.0,605.0,133.0,186.0,16764,16706,0.8193,0.7895,0.824,14.17,2.88,12.79,2.36,1.47,3.11,10.48
392,MCI,2011.0,818.0,755.0,120.0,139.0,16578,16559,0.8351,0.8176,0.8283,13.38,2.23,11.24,2.73,0.86,2.69,10.17
393,MCI,2012.0,497.0,434.0,83.0,103.0,15954,15899,0.8441,0.8343,0.8496,12.57,1.81,10.49,2.26,0.6,2.22,9.25
394,MCI,2013.0,871.0,771.0,103.0,83.0,14945,15163,0.8599,0.8462,0.8432,12.63,2.03,9.49,2.19,0.63,2.37,9.17
395,MCI,2014.0,824.0,799.0,129.0,83.0,14641,14736,0.8434,0.8288,0.832,12.5,1.86,10.14,2.37,0.63,2.37,9.71
396,MCO,2004.0,2240.0,2190.0,218.0,139.0,79314,79750,0.8214,0.7974,0.775,11.1,2.74,11.96,3.05,0.84,3.13,12.41
397,MCO,2005.0,856.0,817.0,281.0,157.0,78603,79179,0.8126,0.7882,0.7634,11.06,2.65,12.64,2.82,0.99,2.91,13.16
398,MCO,2006.0,784.0,721.0,288.0,171.0,80635,81982,0.7984,0.7765,0.7451,10.99,2.34,13.53,2.72,0.98,3.43,14.09
399,MCO,2007.0,1153.0,1087.0,339.0,177.0,92612,92916,0.7823,0.7447,0.7376,11.97,3.08,15.54,2.97,1.31,3.85,15.03
400,MCO,2008.0,1083.0,1020.0,397.0,227.0,83948,84279,0.7933,0.7669,0.7476,11.57,2.44,14.56,2.69,1.04,3.62,14.31
401,MCO,2009.0,662.0,625.0,332.0,201.0,71385,71498,0.8298,0.7994,0.793,11.89,2.8,12.56,2.76,1.19,2.98,11.54
402,MCO,2010.0,1167.0,1125.0,319.0,174.0,68953,69136,0.8147,0.7874,0.7975,11.46,2.42,12.81,2.76,1.06,2.56,11.46
403,MCO,2011.0,1224.0,1178.0,360.0,235.0,68122,68087,0.7992,0.7767,0.7844,11.28,2.21,13.89,2.56,0.96,2.6,12.63
404,MCO,2012.0,767.0,730.0,253.0,176.0,64377,64185,0.8309,0.8145,0.8101,10.89,1.89,11.82,1.78,0.89,1.91,11.22
405,MCO,2013.0,611.0,599.0,301.0,199.0,62289,62112,0.795,0.7622,0.7621,11.61,2.84,14.59,1.79,1.07,2.59,14.05
406,MCO,2014.0,1249.0,1251.0,344.0,311.0,61417,61249,0.7732,0.7443,0.7472,11.26,2.36,15.73,2.17,1.04,2.72,15.21
407,MDW,2004.0,1056.0,1037.0,130.0,220.0,150156,150352,0.8138,0.7698,0.7847,13.83,3.74,13.62,2.42,1.45,3.42,11.94
408,MDW,2005.0,1091.0,1085.0,127.0,238.0,166165,166776,0.7837,0.7546,0.7699,12.95,2.85,14.6,2.74,1.3,3.57,13.07
409,MDW,2006.0,1122.0,1145.0,186.0,423.0,164499,164935,0.7929,0.7546,0.7902,13.03,3.27,14.49,2.83,1.52,3.02,11.99
410,MDW,2007.0,1368.0,1287.0,161.0,403.0,170984,171358,0.776,0.7269,0.7575,13.65,3.99,16.74,3.04,1.81,3.69,14.19
411,MDW,2008.0,1246.0,1072.0,191.0,537.0,159897,159942,0.7857,0.7431,0.7661,13.58,3.67,16.22,1.61,1.73,4.01,13.96
412,MDW,2009.0,570.0,582.0,154.0,308.0,143712,142660,0.8077,0.7739,0.7967,12.9,3.1,13.81,1.25,1.9,3.4,11.79
413,MDW,2010.0,1247.0,1202.0,201.0,326.0,146894,146304,0.7997,0.758,0.7947,13.05,3.44,14.52,1.44,2.15,3.07,11.88
414,MDW,2011.0,952.0,1006.0,204.0,295.0,148493,148527,0.806,0.7627,0.7927,13.45,3.67,14.98,1.25,2.27,3.34,12.36
415,MDW,2012.0,731.0,754.0,188.0,229.0,144126,143983,0.8222,0.7796,0.8053,13.4,3.58,13.67,1.37,2.11,2.96,11.43
416,MDW,2013.0,724.0,701.0,160.0,386.0,140125,139404,0.7822,0.7416,0.774,13.34,3.29,15.86,1.44,2.25,3.49,13.42
417,MDW,2014.0,2521.0,2394.0,189.0,621.0,139833,139627,0.7548,0.7096,0.7571,13.81,3.69,18.46,2.13,2.16,3.91,15.16
418,MEM,2004.0,749.0,700.0,87.0,101.0,136546,135948,0.7622,0.6929,0.7793,14.68,4.98,16.23,5.06,1.36,3.58,12.19
419,MEM,2005.0,868.0,859.0,109.0,72.0,112579,111764,0.736,0.7014,0.7829,12.51,3.47,15.98,4.62,1.2,2.72,12.11
420,MEM,2006.0,878.0,863.0,95.0,55.0,117357,116732,0.6915,0.6492,0.7464,11.99,3.65,19.65,5.41,1.27,3.3,14.54
421,MEM,2007.0,1583.0,1799.0,212.0,191.0,120640,120302,0.6962,0.6426,0.746,11.68,3.62,20.36,5.35,1.5,3.32,14.87
422,MEM,2008.0,1516.0,1732.0,226.0,271.0,106786,106657,0.7314,0.6848,0.7685,11.24,3.35,18.6,3.94,1.42,2.81,13.68
423,MEM,2009.0,918.0,1094.0,233.0,154.0,98079,98051,0.7383,0.6853,0.8051,11.42,3.52,16.78,3.54,1.24,2.12,10.64
424,MEM,2010.0,1670.0,1789.0,197.0,156.0,96524,96752,0.6838,0.6258,0.7759,11.5,3.54,19.13,3.75,1.4,2.31,12.17
425,MEM,2011.0,1087.0,1085.0,111.0,102.0,100892,101105,0.7121,0.6652,0.7941,11.04,2.99,17.94,2.97,1.29,2.06,11.71
426,MEM,2012.0,428.0,379.0,76.0,42.0,101517,101590,0.7349,0.6928,0.8093,10.54,2.55,15.8,2.01,1.56,2.01,10.34
427,MEM,2013.0,661.0,628.0,74.0,49.0,101769,102887,0.6555,0.5867,0.7417,11.68,3.86,20.96,2.28,2.38,3.25,13.92
428,MEM,2014.0,445.0,378.0,53.0,38.0,102373,102609,0.658,0.5825,0.7283,12.37,4.25,23.11,3.79,2.29,3.88,16.4
429,MHT,2004.0,340.0,314.0,61.0,49.0,173254,169818,0.755,0.6877,0.7787,15.65,4.33,15.22,3.95,1.52,4.69,11.48
430,MHT,2005.0,534.0,480.0,50.0,55.0,176691,173030,0.7511,0.677,0.7797,16.06,4.68,15.3,3.71,1.96,4.55,11.3
431,MHT,2006.0,263.0,252.0,76.0,27.0,172206,169053,0.7544,0.6609,0.7492,17.43,5.39,16.09,4.07,1.93,5.72,13.0
432,MHT,2007.0,444.0,426.0,67.0,14.0,170568,166269,0.7396,0.6421,0.7554,18.08,5.39,17.15,3.32,1.82,5.65,13.43
433,MHT,2008.0,298.0,295.0,63.0,24.0,166979,163455,0.7602,0.6777,0.7887,17.72,4.93,17.01,3.27,1.97,4.99,12.12
434,MHT,2009.0,170.0,158.0,27.0,17.0,153914,153422,0.7825,0.7,0.8069,17.24,4.61,14.65,3.03,1.78,4.52,10.34
435,MHT,2010.0,235.0,233.0,42.0,17.0,152842,151357,0.7585,0.6867,0.834,16.82,4.36,16.21,2.36,1.41,3.03,9.45
436,MHT,2011.0,302.0,289.0,29.0,10.0,139824,138518,0.6692,0.6419,0.8316,15.2,2.14,18.58,2.18,0.49,2.44,9.64
437,MHT,2012.0,121.0,118.0,26.0,6.0,118834,117676,0.6529,0.6309,0.8603,14.63,1.73,16.97,1.87,0.36,1.78,7.84
438,MHT,2013.0,183.0,188.0,32.0,8.0,100394,99057,0.6709,0.6287,0.8183,14.35,2.43,18.32,1.97,0.36,2.4,10.02
439,MHT,2014.0,193.0,185.0,32.0,7.0,91359,90576,0.5771,0.5497,0.7724,13.38,1.36,21.1,2.45,0.28,3.12,12.29
440,MIA,2004.0,1215.0,1163.0,128.0,108.0,10165,10188,0.7684,0.7253,0.7474,13.4,3.81,16.44,2.4,0.66,2.81,13.24
441,MIA,2005.0,1483.0,1448.0,188.0,164.0,37653,37773,0.7626,0.7278,0.731,12.53,3.26,17.5,2.53,0.93,2.99,14.73
442,MIA,2006.0,748.0,751.0,175.0,151.0,33142,33296,0.7221,0.6897,0.6964,12.48,2.97,20.37,2.62,0.85,3.21,16.93
443,MIA,2007.0,844.0,849.0,185.0,120.0,33516,33343,0.7169,0.677,0.6758,12.94,3.32,21.9,3.0,0.88,3.48,18.28
444,MIA,2008.0,787.0,795.0,176.0,131.0,30669,30628,0.7387,0.7047,0.7305,12.53,2.75,19.37,2.4,0.74,2.97,15.34
445,MIA,2009.0,572.0,570.0,221.0,185.0,26259,26296,0.7413,0.7193,0.7618,11.58,2.03,18.03,2.16,0.67,2.49,13.31
446,MIA,2010.0,1079.0,1079.0,233.0,177.0,25289,25343,0.7355,0.7042,0.7433,11.44,2.33,17.94,2.03,0.6,2.35,13.96
447,MIA,2011.0,1458.0,1522.0,372.0,278.0,24368,24377,0.7113,0.6867,0.7609,11.14,2.03,19.56,1.66,0.54,1.86,13.91
448,MIA,2012.0,921.0,960.0,247.0,237.0,21608,21521,0.6989,0.6704,0.7522,11.22,2.17,20.06,1.4,0.7,1.64,13.98
449,MIA,2013.0,564.0,596.0,270.0,203.0,20830,20713,0.684,0.6301,0.7013,12.53,3.55,21.88,1.34,0.74,2.15,16.31
450,MIA,2014.0,835.0,948.0,283.0,337.0,18635,18571,0.6649,0.637,0.701,11.18,2.03,22.62,1.38,0.48,1.99,16.6
451,MKE,2004.0,406.0,369.0,46.0,22.0,154709,144138,0.7605,0.7282,0.7661,16.39,3.01,17.01,2.14,2.28,3.83,14.57
452,MKE,2005.0,416.0,371.0,57.0,22.0,153661,143341,0.722,0.68,0.7242,15.95,3.59,20.6,2.53,2.74,4.46,16.64
453,MKE,2006.0,477.0,446.0,68.0,41.0,155326,149223,0.7484,0.7075,0.7422,15.92,3.44,19.22,2.22,2.37,3.89,16.12
454,MKE,2007.0,808.0,790.0,83.0,80.0,153621,149731,0.7052,0.6584,0.6889,15.76,3.49,22.27,1.94,2.53,4.21,19.91
455,MKE,2008.0,1200.0,1162.0,96.0,137.0,148383,140270,0.7026,0.6571,0.6766,16.0,3.37,23.01,2.9,2.86,5.23,20.97
456,MKE,2009.0,658.0,670.0,94.0,92.0,145748,134669,0.7137,0.6763,0.7213,15.7,3.03,21.25,3.05,2.87,4.73,17.31
457,MKE,2010.0,708.0,683.0,98.0,134.0,155714,145274,0.7268,0.6765,0.7521,16.13,3.54,21.14,2.86,2.85,3.86,15.25
458,MKE,2011.0,770.0,758.0,104.0,72.0,164184,155362,0.735,0.6871,0.7666,16.2,3.43,20.51,2.59,2.25,3.43,14.36
459,MKE,2012.0,419.0,372.0,65.0,96.0,162815,157000,0.7445,0.6962,0.7651,16.25,3.5,19.61,2.21,2.56,3.31,14.94
460,MKE,2013.0,546.0,484.0,71.0,63.0,166455,159690,0.7684,0.7153,0.7821,16.41,3.68,17.44,2.17,2.35,3.2,14.02
461,MKE,2014.0,952.0,860.0,72.0,59.0,168629,164346,0.7783,0.7172,0.7825,17.11,4.28,17.44,2.8,2.4,3.81,14.61
462,MSP,2004.0,1912.0,1972.0,307.0,304.0,23109,23138,0.7742,0.753,0.7335,12.47,2.42,12.79,2.6,0.52,3.43,13.62
463,MSP,2005.0,1785.0,1935.0,329.0,358.0,94493,94132,0.7396,0.6994,0.7319,13.12,3.24,16.05,2.01,0.91,3.2,14.36
464,MSP,2006.0,1238.0,1380.0,286.0,277.0,87040,86797,0.7625,0.7353,0.7278,13.1,2.3,15.02,1.75,0.92,3.78,14.85
465,MSP,2007.0,3536.0,3792.0,344.0,466.0,86640,86703,0.7183,0.6728,0.6779,13.78,2.99,18.64,1.98,0.96,4.75,17.83
466,MSP,2008.0,1729.0,1988.0,321.0,318.0,80819,80349,0.7409,0.7014,0.724,14.25,3.31,18.64,3.27,0.97,4.28,16.45
467,MSP,2009.0,1450.0,1694.0,316.0,235.0,74866,74974,0.7979,0.7646,0.7996,13.3,2.71,14.26,3.56,0.84,3.13,11.34
468,MSP,2010.0,2171.0,2467.0,299.0,257.0,85455,85584,0.7871,0.7547,0.7901,12.59,2.44,14.32,4.39,1.01,3.37,11.85
469,MSP,2011.0,1472.0,1614.0,214.0,157.0,76548,76746,0.7831,0.7428,0.7791,12.75,2.8,15.63,4.01,0.93,3.39,12.86
470,MSP,2012.0,751.0,868.0,197.0,169.0,56232,56653,0.7984,0.7681,0.7932,12.1,2.36,14.02,2.74,1.07,2.59,11.51
471,MSP,2013.0,1620.0,1875.0,295.0,187.0,50040,50304,0.7491,0.7026,0.7387,12.86,3.24,17.98,2.76,1.32,3.17,14.8
472,MSP,2014.0,1356.0,1423.0,281.0,172.0,47897,47869,0.7361,0.6938,0.7126,12.79,3.02,19.41,3.16,1.17,3.57,16.65
473,MSY,2004.0,755.0,659.0,136.0,155.0,254994,253293,0.8041,0.6918,0.8128,17.44,6.67,15.33,5.34,1.4,3.99,10.28
474,MSY,2005.0,1714.0,1557.0,97.0,256.0,250633,249613,0.7559,0.6256,0.7905,18.31,7.27,18.97,5.03,1.97,3.64,11.89
475,MSY,2006.0,275.0,245.0,74.0,42.0,222831,223060,0.8,0.7204,0.8074,16.83,5.12,14.83,3.66,2.16,3.36,11.05
476,MSY,2007.0,380.0,342.0,77.0,43.0,214837,213716,0.7719,0.6415,0.7327,19.31,7.27,19.32,4.42,3.49,5.49,16.2
477,MSY,2008.0,814.0,772.0,98.0,61.0,213811,212956,0.8013,0.7249,0.7952,17.93,4.83,14.97,4.36,2.02,3.96,12.48
478,MSY,2009.0,204.0,178.0,85.0,53.0,207765,207199,0.8252,0.7454,0.8063,17.59,4.7,13.71,4.29,2.24,3.73,11.8
479,MSY,2010.0,401.0,356.0,78.0,68.0,208609,207351,0.8012,0.7309,0.7997,17.27,4.3,14.97,4.06,2.37,3.23,11.85
480,MSY,2011.0,406.0,358.0,91.0,46.0,207583,207577,0.8267,0.7688,0.8255,16.51,3.72,13.26,4.1,1.45,2.61,10.67
481,MSY,2012.0,568.0,518.0,55.0,78.0,203576,203737,0.8493,0.8022,0.855,16.09,3.46,11.47,3.61,1.18,2.16,8.77
482,MSY,2013.0,328.0,297.0,87.0,69.0,206304,206694,0.8312,0.7433,0.8226,17.8,5.62,14.69,3.69,1.15,2.9,11.23
483,MSY,2014.0,595.0,530.0,85.0,102.0,197864,198012,0.7892,0.7255,0.8037,16.36,3.74,15.46,3.7,0.9,2.95,12.25
484,OAK,2004.0,689.0,655.0,112.0,69.0,63061,63323,0.8166,0.8019,0.7721,10.01,2.14,11.77,2.34,0.82,3.05,12.09
485,OAK,2005.0,610.0,634.0,119.0,74.0,46978,47441,0.7815,0.7617,0.7424,10.28,2.58,14.15,2.73,1.35,3.38,13.94
486,OAK,2006.0,918.0,952.0,115.0,148.0,39738,39639,0.7809,0.7574,0.7497,10.55,2.46,14.36,2.05,0.8,3.19,13.59
487,OAK,2007.0,962.0,962.0,105.0,61.0,46656,46787,0.7853,0.7538,0.7343,10.83,2.73,15.01,2.2,1.06,3.44,14.9
488,OAK,2008.0,964.0,979.0,111.0,73.0,49916,49920,0.7991,0.7735,0.7627,10.57,2.38,13.86,2.08,0.96,3.22,13.35
489,OAK,2009.0,599.0,588.0,55.0,37.0,45682,45770,0.8332,0.8067,0.7907,10.69,2.37,11.7,1.99,1.14,2.87,11.45
490,OAK,2010.0,523.0,549.0,69.0,35.0,46923,47188,0.8169,0.7898,0.7903,10.73,2.28,12.18,2.01,1.28,2.6,11.27
491,OAK,2011.0,603.0,621.0,61.0,27.0,48593,48753,0.8221,0.8,0.7925,10.57,2.1,11.85,1.96,1.17,2.51,11.31
492,OAK,2012.0,454.0,456.0,63.0,21.0,47684,47777,0.8259,0.8059,0.7955,10.42,2.02,11.61,1.67,1.2,2.37,10.98
493,OAK,2013.0,472.0,488.0,60.0,45.0,52334,52915,0.7943,0.7732,0.7647,10.42,2.13,13.12,1.72,1.18,2.69,13.0
494,OAK,2014.0,583.0,606.0,53.0,16.0,53045,53084,0.7739,0.751,0.7516,10.56,2.11,14.87,1.95,1.16,2.74,14.28
495,OGG,2004.0,63.0,45.0,33.0,16.0,96255,96429,0.7932,0.769,0.7908,10.58,2.48,12.21,3.78,0.91,2.62,10.76
496,OGG,2005.0,42.0,24.0,16.0,16.0,96605,96399,0.781,0.7551,0.7752,10.86,2.69,12.35,3.91,1.03,2.79,11.19
497,OGG,2006.0,292.0,257.0,22.0,18.0,98253,98229,0.7824,0.7546,0.7723,11.0,2.5,12.36,3.58,1.17,3.08,11.41
498,OGG,2007.0,223.0,190.0,10.0,16.0,100168,99687,0.7917,0.7525,0.7822,11.14,2.64,12.55,3.41,1.58,2.83,11.36
499,OGG,2008.0,287.0,258.0,24.0,22.0,87634,86950,0.8011,0.7798,0.785,10.22,1.97,11.63,2.55,0.89,2.36,11.24
500,OGG,2009.0,106.0,80.0,20.0,18.0,69111,68371,0.8181,0.8067,0.8246,9.27,1.45,10.16,2.07,0.72,1.58,8.55
501,OGG,2010.0,116.0,80.0,19.0,27.0,65832,65169,0.7772,0.7617,0.7899,9.16,1.61,12.03,2.17,0.69,1.9,10.5
502,OGG,2011.0,139.0,106.0,23.0,27.0,64045,63242,0.7792,0.7576,0.7906,9.2,1.82,12.39,1.89,0.73,1.76,10.61
503,OGG,2012.0,125.0,91.0,48.0,37.0,64124,63681,0.7932,0.7478,0.8041,10.37,2.85,12.92,1.98,1.18,1.91,10.12
504,OGG,2013.0,210.0,168.0,40.0,39.0,60321,60591,0.7596,0.7321,0.7742,9.52,1.94,13.79,1.5,0.69,1.58,11.86
505,OGG,2014.0,114.0,85.0,34.0,35.0,62502,62539,0.7003,0.6633,0.7139,10.0,2.22,16.97,1.98,1.37,2.44,14.93
506,OMA,2004.0,232.0,203.0,47.0,29.0,8355,8424,0.8645,0.8773,0.847,7.85,0.46,7.71,4.59,0.54,3.37,9.78
507,OMA,2005.0,291.0,235.0,40.0,21.0,35626,36108,0.8639,0.8669,0.8337,8.28,0.76,7.78,3.52,1.26,4.21,9.85
508,OMA,2006.0,313.0,290.0,62.0,32.0,37108,37218,0.882,0.8807,0.8596,7.75,1.05,6.89,2.9,0.82,3.7,8.01
509,OMA,2007.0,587.0,522.0,84.0,51.0,37476,35402,0.8871,0.8836,0.8719,7.52,1.04,7.9,2.63,0.62,3.15,7.89
510,OMA,2008.0,476.0,419.0,89.0,53.0,32036,29420,0.8755,0.8593,0.8606,7.79,1.56,10.54,1.86,0.93,3.52,8.6
511,OMA,2009.0,400.0,314.0,62.0,60.0,30677,30193,0.8957,0.8853,0.8749,8.01,1.28,6.9,1.51,0.68,3.64,7.12
512,OMA,2010.0,365.0,291.0,53.0,54.0,27206,27084,0.9029,0.8901,0.8718,8.47,1.56,6.54,1.43,0.75,3.94,7.15
513,OMA,2011.0,401.0,358.0,43.0,50.0,27142,27090,0.9097,0.8974,0.8803,8.61,1.46,6.85,1.24,0.62,3.18,7.25
514,OMA,2012.0,213.0,166.0,32.0,36.0,31181,31051,0.9,0.8883,0.8747,8.59,1.51,7.21,0.95,0.9,3.51,7.48
515,OMA,2013.0,394.0,313.0,65.0,50.0,30069,29737,0.8871,0.8743,0.8589,8.64,1.53,8.0,1.01,1.01,3.48,8.36
516,OMA,2014.0,498.0,447.0,63.0,72.0,34163,33547,0.9007,0.8881,0.8784,8.58,1.39,6.44,1.71,0.87,3.85,7.18
517,ONT,2004.0,379.0,338.0,54.0,52.0,9769,9740,0.781,0.7602,0.7523,10.94,2.43,13.63,2.28,0.59,2.73,13.01
518,ONT,2005.0,355.0,319.0,34.0,51.0,40412,40238,0.7747,0.7399,0.7392,11.47,3.2,14.61,2.56,1.07,3.18,13.97
519,ONT,2006.0,408.0,404.0,36.0,44.0,39777,40736,0.7485,0.7272,0.7197,11.13,2.23,15.44,2.06,0.86,3.27,15.25
520,ONT,2007.0,471.0,441.0,63.0,68.0,41352,41570,0.7288,0.6884,0.6866,12.42,3.44,19.22,2.11,1.08,3.78,17.38
521,ONT,2008.0,338.0,338.0,56.0,35.0,39881,39850,0.7488,0.7173,0.6956,12.16,2.9,17.93,2.09,0.95,3.68,16.71
522,ONT,2009.0,213.0,177.0,25.0,9.0,36834,36758,0.7816,0.7462,0.7561,12.34,2.99,14.75,2.28,1.37,3.27,12.81
523,ONT,2010.0,227.0,200.0,31.0,18.0,38331,38386,0.7917,0.7521,0.7558,12.12,2.8,13.91,2.56,0.77,2.84,13.08
524,ONT,2011.0,234.0,214.0,30.0,26.0,37305,37502,0.8049,0.7781,0.7599,11.68,2.21,12.8,2.33,0.55,2.67,13.33
525,ONT,2012.0,190.0,186.0,27.0,24.0,35067,35288,0.8177,0.7964,0.7764,11.3,1.92,12.01,1.67,0.66,2.03,12.24
526,ONT,2013.0,204.0,183.0,35.0,14.0,33253,33594,0.781,0.7446,0.7274,12.27,3.0,14.78,1.61,1.07,2.88,15.16
527,ONT,2014.0,290.0,266.0,31.0,21.0,33241,33237,0.766,0.7386,0.7097,11.8,2.08,15.15,2.34,0.69,3.27,16.92
528,ORD,2004.0,11725.0,12579.0,700.0,648.0,54166,54076,0.7729,0.7488,0.8078,9.78,2.63,14.25,1.72,0.77,2.39,9.88
529,ORD,2005.0,8466.0,9199.0,665.0,518.0,54110,54080,0.7557,0.7241,0.777,10.23,2.92,14.66,2.04,1.04,2.77,11.11
530,ORD,2006.0,12915.0,13808.0,766.0,1063.0,53893,54211,0.7384,0.6991,0.7822,10.96,3.06,16.15,1.85,0.88,2.81,11.08
531,ORD,2007.0,16618.0,17571.0,707.0,887.0,59098,58758,0.7602,0.7229,0.7927,11.28,3.15,15.35,1.66,0.77,2.21,11.05
532,ORD,2008.0,15050.0,16094.0,801.0,1027.0,51391,51123,0.7421,0.7122,0.787,10.91,2.8,17.07,1.13,0.74,2.11,11.28
533,ORD,2009.0,6827.0,7679.0,710.0,677.0,40278,39956,0.7698,0.7554,0.8086,9.88,1.92,14.94,1.19,0.45,1.33,9.61
534,ORD,2010.0,7786.0,8443.0,755.0,845.0,37332,37205,0.7561,0.7421,0.7904,9.65,1.81,15.83,1.12,0.45,1.5,10.38
535,ORD,2011.0,11659.0,12494.0,830.0,615.0,35796,35541,0.753,0.7306,0.792,9.73,2.14,16.13,1.11,0.52,1.56,10.51
536,ORD,2012.0,6157.0,6814.0,703.0,640.0,33371,33168,0.7727,0.7491,0.8086,9.91,2.22,15.38,1.03,0.59,1.36,9.96
537,ORD,2013.0,9155.0,9999.0,709.0,709.0,32031,31743,0.7475,0.7211,0.7709,10.14,2.33,17.08,1.15,0.56,1.61,11.97
538,ORD,2014.0,13454.0,14355.0,739.0,831.0,32791,32476,0.7161,0.6824,0.7347,10.79,2.65,19.09,1.47,0.56,2.1,14.01
539,OXR,2004.0,43.0,37.0,0.0,0.0,485187,484859,0.7179,0.5739,0.721,20.23,9.36,25.86,3.19,3.34,5.81,19.19
540,OXR,2005.0,33.0,22.0,0.0,0.0,473216,474168,0.7242,0.6108,0.7672,19.03,7.45,23.14,3.05,3.15,4.11,15.45
541,OXR,2006.0,51.0,44.0,2.0,1.0,466079,467039,0.7036,0.5881,0.71,19.33,7.75,26.29,3.56,2.82,5.59,21.15
542,OXR,2007.0,21.0,17.0,1.0,0.0,455562,455118,0.6854,0.5769,0.6909,19.02,7.63,27.34,3.81,3.22,5.73,22.44
543,OXR,2008.0,20.0,20.0,1.0,0.0,431539,431421,0.7049,0.6115,0.7062,18.67,7.04,25.98,3.9,3.34,5.44,21.9
544,OXR,2009.0,27.0,24.0,0.0,0.0,404978,404952,0.7916,0.7251,0.8063,16.78,5.13,17.31,3.65,3.84,3.6,13.39
545,OXR,2010.0,10.0,8.0,0.0,0.0,430948,430618,0.7803,0.709,0.7938,16.26,5.05,18.26,2.48,3.31,3.54,14.33
546,PBI,2004.0,416.0,416.0,80.0,26.0,429476,428779,0.7605,0.6827,0.7772,16.55,5.6,20.2,2.16,3.18,3.59,16.03
547,PBI,2005.0,415.0,398.0,87.0,48.0,427374,427768,0.7707,0.6981,0.8069,16.06,4.97,18.5,1.89,3.16,2.74,13.31
548,PBI,2006.0,205.0,171.0,106.0,31.0,425352,428767,0.7094,0.6275,0.7521,16.6,5.46,23.49,2.26,3.98,3.71,17.51
549,PBI,2007.0,361.0,359.0,116.0,42.0,430429,430750,0.6787,0.5784,0.705,17.5,6.17,25.88,3.47,6.18,5.05,20.09
550,PBI,2008.0,255.0,238.0,118.0,44.0,731,717,0.8837,0.87,0.8591,7.24,1.73,7.46,1.17,0.36,1.42,8.42
551,PBI,2009.0,222.0,193.0,88.0,56.0,2730,2817,0.8905,0.8696,0.8424,7.95,2.11,6.44,1.58,0.41,2.11,7.86
552,PBI,2010.0,478.0,454.0,78.0,54.0,2194,2191,0.8323,0.8067,0.7408,9.67,3.29,9.41,1.66,0.83,2.97,12.67
553,PBI,2011.0,380.0,344.0,102.0,47.0,2044,1928,0.8728,0.8488,0.8185,10.11,2.62,7.9,1.53,0.9,2.78,8.98
554,PBI,2012.0,218.0,201.0,58.0,54.0,1841,1768,0.8838,0.8631,0.8479,10.52,2.33,6.54,1.76,0.57,2.01,8.16
555,PBI,2013.0,164.0,159.0,79.0,40.0,1649,1504,0.8757,0.8739,0.8763,9.33,1.35,6.29,1.43,0.43,1.53,6.33
556,PBI,2014.0,429.0,414.0,88.0,56.0,955,948,0.8628,0.8545,0.8492,8.69,0.86,6.52,1.42,0.55,2.31,7.65
557,PDX,2004.0,1038.0,1043.0,90.0,104.0,360,486,0.7389,0.6833,0.7469,8.91,1.86,14.96,2.32,1.1,2.88,16.2
558,PDX,2005.0,463.0,505.0,83.0,70.0,485,559,0.7608,0.7443,0.7871,9.76,1.54,11.67,1.59,0.79,2.1,13.88
559,PDX,2006.0,446.0,432.0,84.0,46.0,531,610,0.8606,0.855,0.8344,11.17,0.14,6.76,1.23,0.0,1.56,7.49
560,PDX,2007.0,442.0,478.0,87.0,44.0,530,639,0.834,0.8283,0.82,11.26,0.15,8.01,1.03,0.0,1.23,9.44
561,PDX,2008.0,652.0,656.0,116.0,84.0,44816,43468,0.7396,0.7109,0.6915,12.81,2.75,14.74,3.02,0.44,4.16,16.45
562,PDX,2009.0,253.0,260.0,99.0,76.0,44764,42951,0.6871,0.655,0.6567,12.58,2.78,18.29,3.19,0.76,4.82,18.74
563,PDX,2010.0,282.0,311.0,128.0,57.0,45031,43552,0.7026,0.6656,0.6858,13.13,3.17,17.54,2.37,0.8,4.01,16.47
564,PDX,2011.0,269.0,282.0,82.0,60.0,47394,46148,0.6927,0.6576,0.6611,13.26,2.99,18.71,2.71,0.87,4.64,18.65
565,PDX,2012.0,289.0,294.0,107.0,54.0,43427,42451,0.6972,0.6686,0.6665,13.0,2.54,19.21,2.35,0.89,5.02,18.72
566,PDX,2013.0,322.0,330.0,125.0,72.0,35423,34681,0.7105,0.6857,0.6971,12.71,2.52,17.76,1.78,0.75,4.3,16.59
567,PDX,2014.0,404.0,404.0,123.0,54.0,36664,35608,0.7167,0.6927,0.6965,12.52,2.25,17.02,1.96,0.76,3.76,16.68
568,PHL,2004.0,2853.0,2726.0,247.0,419.0,36530,35262,0.7117,0.6872,0.6989,12.62,2.35,17.2,1.96,0.65,3.61,16.5
569,PHL,2005.0,3268.0,3182.0,226.0,388.0,35521,34510,0.7188,0.6917,0.7044,12.94,2.49,16.4,2.13,0.75,3.39,15.79
570,PHL,2006.0,1934.0,1799.0,260.0,357.0,35800,34995,0.6705,0.6426,0.662,13.02,2.2,19.45,2.2,0.64,4.18,18.01
571,PHL,2007.0,2493.0,2335.0,275.0,388.0,37466,36904,0.6586,0.6297,0.6439,13.11,2.21,20.42,2.93,0.78,5.03,20.17
572,PHL,2008.0,1969.0,1990.0,272.0,320.0,107790,107597,0.8304,0.819,0.8132,10.01,1.78,10.05,2.58,0.56,2.7,9.69
573,PHL,2009.0,1732.0,1679.0,228.0,284.0,110782,110230,0.7933,0.7733,0.7808,10.28,2.16,12.41,2.62,0.98,2.89,11.27
574,PHL,2010.0,2190.0,2191.0,172.0,224.0,111646,111969,0.7963,0.776,0.7792,10.92,2.15,12.22,2.54,0.69,3.41,11.46
575,PHL,2011.0,1988.0,1971.0,206.0,275.0,114531,113943,0.8052,0.7815,0.7813,10.97,1.96,12.2,2.41,0.73,3.37,11.7
576,PHL,2012.0,1041.0,1083.0,168.0,85.0,107888,108006,0.8231,0.8037,0.8075,11.17,2.04,11.2,2.32,0.79,2.98,10.38
577,PHL,2013.0,1083.0,1116.0,195.0,171.0,96802,96828,0.8499,0.826,0.8439,11.54,2.39,9.68,2.19,0.85,2.33,8.16
578,PHL,2014.0,1393.0,1474.0,200.0,165.0,97133,96705,0.8393,0.8244,0.8396,11.01,1.69,9.74,2.12,0.7,2.08,8.46
579,PHX,2004.0,1578.0,1939.0,355.0,214.0,92795,93153,0.8448,0.8187,0.8255,11.48,2.3,10.02,2.25,0.8,2.53,9.2
580,PHX,2005.0,1382.0,1723.0,296.0,190.0,92223,92392,0.8578,0.8421,0.848,10.81,1.62,8.98,2.09,0.62,2.16,8.3
581,PHX,2006.0,1952.0,2561.0,500.0,340.0,92554,91943,0.8373,0.8163,0.8293,11.54,2.07,10.38,2.01,0.8,2.74,9.26
582,PHX,2007.0,2402.0,3121.0,467.0,253.0,94828,94702,0.8275,0.8082,0.8137,11.29,1.92,10.65,1.98,0.75,3.31,10.13
583,PHX,2008.0,1875.0,2554.0,442.0,333.0,225283,224381,0.7136,0.5482,0.7296,21.38,9.79,24.85,7.58,2.44,4.96,16.39
584,PHX,2009.0,1210.0,1714.0,427.0,266.0,252534,250524,0.6797,0.5215,0.7159,20.8,9.67,27.5,6.22,2.57,4.37,17.98
585,PHX,2010.0,1446.0,1917.0,418.0,266.0,241870,240724,0.6982,0.5083,0.7007,21.56,10.81,27.53,6.66,2.25,4.7,19.02
586,PHX,2011.0,1569.0,2085.0,377.0,187.0,232583,233078,0.6878,0.4887,0.6839,22.09,11.2,30.2,7.65,2.31,4.94,20.61
587,PHX,2012.0,947.0,1342.0,328.0,203.0,229700,230105,0.7554,0.604,0.7376,20.2,8.42,23.37,7.82,2.02,4.28,17.64
588,PHX,2013.0,1006.0,1499.0,325.0,143.0,220842,220753,0.767,0.5992,0.738,20.73,9.44,23.51,7.21,2.39,4.65,16.84
589,PHX,2014.0,1136.0,1535.0,325.0,255.0,214485,214971,0.7824,0.6507,0.77,18.95,7.49,19.97,6.41,1.96,3.5,14.13
590,PIT,2004.0,1063.0,1153.0,102.0,35.0,213255,213163,0.7488,0.6371,0.7279,19.41,6.56,22.03,6.36,1.78,3.72,17.82
591,PIT,2005.0,1076.0,1155.0,78.0,43.0,211377,211189,0.7969,0.6951,0.7705,18.5,5.6,17.15,4.72,1.67,3.07,13.95
592,PIT,2006.0,847.0,784.0,116.0,39.0,206945,206032,0.7808,0.6711,0.7347,18.78,6.56,19.25,4.4,1.55,3.82,16.72
593,PIT,2007.0,1108.0,1040.0,133.0,31.0,200550,200637,0.7681,0.6625,0.7404,18.74,6.13,19.66,4.87,1.81,3.39,16.32
594,PIT,2008.0,759.0,700.0,133.0,51.0,240020,239521,0.7534,0.6639,0.7905,14.04,4.85,16.82,3.8,1.6,2.84,11.56
595,PIT,2009.0,419.0,341.0,88.0,65.0,249530,248195,0.7483,0.6443,0.8026,14.42,5.24,16.98,3.87,1.92,2.51,10.82
596,PIT,2010.0,735.0,653.0,106.0,48.0,245896,244854,0.7801,0.6797,0.7915,14.84,5.57,16.15,3.58,2.44,3.19,11.31
597,PIT,2011.0,527.0,480.0,88.0,58.0,240059,239897,0.7679,0.6578,0.7722,14.8,5.59,17.76,2.97,2.58,3.37,12.46
598,PIT,2012.0,372.0,328.0,64.0,40.0,226663,226405,0.8033,0.7129,0.8009,15.1,5.44,15.22,2.45,2.25,3.56,11.07
599,PIT,2013.0,472.0,376.0,65.0,41.0,208700,208786,0.8255,0.7496,0.8319,14.63,4.5,12.75,2.07,2.16,3.18,9.07
600,PIT,2014.0,523.0,457.0,82.0,31.0,205899,206051,0.8307,0.7509,0.8452,14.94,4.88,12.76,1.76,2.3,2.59,8.52
601,PSP,2004.0,171.0,129.0,13.0,37.0,213870,213498,0.8244,0.7746,0.8444,13.84,3.77,12.08,2.65,2.24,2.54,8.73
602,PSP,2005.0,251.0,172.0,28.0,67.0,207667,207206,0.8417,0.7734,0.8518,14.52,4.55,11.66,2.34,2.82,2.57,8.02
603,PSP,2006.0,142.0,122.0,31.0,23.0,200341,199957,0.8126,0.7323,0.831,14.63,4.81,13.44,1.92,2.3,2.71,9.29
604,PSP,2007.0,152.0,121.0,20.0,14.0,200278,199312,0.7828,0.7177,0.809,14.53,4.21,14.99,2.5,2.23,2.89,10.91
605,PSP,2008.0,155.0,130.0,24.0,30.0,150501,150689,0.7964,0.7653,0.8164,13.72,2.68,13.43,3.72,0.65,2.49,10.72
606,PSP,2009.0,97.0,70.0,21.0,31.0,117635,117752,0.7999,0.7615,0.7954,13.11,3.07,14.05,2.99,1.07,2.54,12.06
607,PSP,2010.0,154.0,119.0,27.0,54.0,104606,104602,0.809,0.7602,0.7842,13.83,3.84,14.51,2.79,1.14,3.11,12.72
608,PSP,2011.0,153.0,125.0,21.0,17.0,92901,93107,0.7707,0.7143,0.7296,14.33,3.7,17.76,3.26,1.22,3.58,16.39
609,PSP,2012.0,150.0,104.0,27.0,31.0,71863,72058,0.7655,0.7052,0.7531,14.31,3.81,18.46,3.14,1.33,3.35,15.01
610,PSP,2013.0,155.0,121.0,18.0,26.0,61447,61411,0.7941,0.7378,0.7865,14.0,3.49,15.83,2.78,1.02,2.66,12.37
611,PSP,2014.0,198.0,154.0,25.0,17.0,60738,60748,0.8088,0.7386,0.7848,14.34,4.01,15.28,2.62,1.02,2.72,12.31
612,PVD,2004.0,387.0,364.0,73.0,27.0,63078,63037,0.7774,0.7329,0.7581,13.3,2.9,16.36,2.6,0.99,3.01,14.32
613,PVD,2005.0,609.0,562.0,64.0,49.0,58244,58161,0.8107,0.7727,0.7883,12.95,2.63,13.53,2.01,1.04,2.26,12.15
614,PVD,2006.0,439.0,403.0,69.0,40.0,59106,59132,0.7887,0.7231,0.7631,13.52,3.58,16.1,2.06,1.23,2.65,14.12
615,PVD,2007.0,625.0,601.0,77.0,29.0,58332,58291,0.777,0.7409,0.7498,12.42,2.37,15.3,2.21,1.21,2.8,15.1
616,PVD,2008.0,379.0,344.0,73.0,31.0,17764,17852,0.7411,0.7053,0.7011,11.4,3.03,15.56,2.48,1.0,3.52,15.67
617,PVD,2009.0,184.0,156.0,43.0,26.0,16005,16036,0.7683,0.7321,0.7312,12.16,3.1,14.32,2.82,1.17,3.71,13.87
618,PVD,2010.0,382.0,367.0,44.0,38.0,14802,14837,0.8128,0.7919,0.7853,11.9,2.32,11.52,2.67,0.68,2.88,10.95
619,PVD,2011.0,421.0,392.0,37.0,26.0,14769,14859,0.7944,0.7699,0.7574,11.77,2.5,12.97,3.07,0.73,3.12,12.86
620,PVD,2012.0,194.0,165.0,37.0,37.0,14458,14632,0.7738,0.7484,0.7484,11.89,2.64,14.33,3.35,0.77,3.3,13.57
621,PVD,2013.0,212.0,188.0,33.0,21.0,15601,15682,0.7692,0.7362,0.7587,12.51,3.14,15.98,3.23,0.84,3.2,12.85
622,PVD,2014.0,256.0,235.0,44.0,21.0,15346,15242,0.7754,0.7483,0.7683,12.5,2.72,15.76,2.89,0.95,2.91,12.66
623,RDU,2004.0,1597.0,1559.0,139.0,105.0,16231,16208,0.7632,0.7332,0.7512,12.67,2.74,16.29,3.19,0.99,3.78,13.81
624,RDU,2005.0,1235.0,1269.0,182.0,91.0,11349,11393,0.7967,0.7554,0.7633,12.94,3.73,14.82,4.08,0.72,2.55,13.08
625,RDU,2006.0,1167.0,1156.0,178.0,131.0,42324,42517,0.7917,0.7522,0.7621,12.12,3.41,15.03,4.14,0.88,2.97,13.36
626,RDU,2007.0,1434.0,1400.0,198.0,81.0,38925,39178,0.7857,0.7539,0.7516,11.8,3.05,15.1,3.69,0.79,2.89,13.99
627,RDU,2008.0,1253.0,1185.0,136.0,91.0,38544,38598,0.7536,0.711,0.705,12.15,3.32,19.15,3.75,0.94,3.1,17.67
628,RDU,2009.0,845.0,791.0,109.0,71.0,34486,34449,0.778,0.7426,0.7553,12.14,3.05,17.02,3.7,0.8,2.74,14.73
629,RDU,2010.0,1207.0,1134.0,115.0,73.0,30672,30647,0.7929,0.7594,0.7815,11.88,2.88,15.62,3.35,0.79,2.44,12.26
630,RDU,2011.0,1020.0,923.0,99.0,63.0,29377,29257,0.8011,0.7577,0.77,12.3,3.03,14.29,3.51,0.63,2.58,12.7
631,RDU,2012.0,679.0,620.0,88.0,56.0,28435,28405,0.7802,0.7535,0.7676,12.0,2.44,16.16,3.27,0.7,2.24,13.97
632,RDU,2013.0,926.0,855.0,95.0,65.0,24534,24491,0.7971,0.7779,0.7784,11.22,1.89,14.19,2.93,0.66,2.11,12.56
633,RDU,2014.0,1156.0,1019.0,82.0,66.0,23919,23904,0.7783,0.7359,0.7522,12.02,3.14,16.49,2.62,0.69,2.47,14.02
634,RFD,2006.0,9.0,11.0,2.0,8.0,22281,21619,0.7845,0.7601,0.7381,11.61,1.98,14.73,2.5,0.66,2.15,15.11
635,RFD,2007.0,4.0,7.0,2.0,11.0,91681,92066,0.7774,0.7437,0.7482,12.25,3.27,15.22,2.39,1.17,3.47,14.07
636,RFD,2008.0,5.0,2.0,0.0,5.0,92688,92884,0.7808,0.7412,0.7541,12.41,3.49,15.22,2.32,1.23,3.02,13.8
637,RFD,2011.0,0.0,0.0,0.0,0.0,88135,88308,0.7544,0.7122,0.7248,13.08,3.76,17.55,2.47,1.16,3.55,15.98
638,RFD,2012.0,1.0,1.0,0.0,0.0,92590,92877,0.7479,0.7038,0.7127,13.49,3.85,18.67,2.64,1.39,3.54,17.23
639,RFD,2013.0,0.0,0.0,0.0,0.0,82686,82877,0.7737,0.7241,0.7281,13.82,4.08,17.59,2.83,1.34,3.79,16.46
640,RSW,2004.0,270.0,230.0,48.0,56.0,73183,73439,0.798,0.7486,0.7757,14.18,4.07,15.83,2.66,1.12,3.29,13.07
641,RSW,2005.0,349.0,331.0,63.0,34.0,70023,70222,0.7987,0.7516,0.7737,13.87,3.53,15.03,2.6,0.97,2.63,13.01
642,RSW,2006.0,179.0,152.0,89.0,70.0,71200,71153,0.7824,0.7408,0.7668,13.68,3.2,16.04,2.44,0.86,2.69,13.63
643,RSW,2007.0,247.0,231.0,79.0,48.0,68663,68555,0.8108,0.7708,0.7992,13.58,3.15,14.05,2.16,0.93,2.11,11.53
644,RSW,2008.0,250.0,220.0,79.0,67.0,67514,67182,0.7843,0.7276,0.7636,14.42,4.14,16.86,2.25,1.28,2.74,13.8
645,RSW,2009.0,163.0,140.0,80.0,40.0,67367,67330,0.7563,0.7179,0.752,13.67,2.83,17.11,2.47,0.9,2.8,14.55
646,RSW,2010.0,347.0,323.0,64.0,57.0,1946,1935,0.6912,0.6598,0.7907,7.04,1.78,14.5,2.27,0.81,3.6,11.39
647,RSW,2011.0,296.0,241.0,88.0,73.0,7951,7856,0.7536,0.7214,0.7514,7.57,2.21,12.7,1.64,0.62,3.16,12.01
648,RSW,2012.0,189.0,165.0,48.0,43.0,8649,8564,0.6907,0.6568,0.7287,7.96,2.32,15.1,2.16,0.85,4.08,13.46
649,RSW,2013.0,156.0,138.0,76.0,59.0,9005,8979,0.684,0.6338,0.7453,8.53,2.35,15.39,2.31,0.77,4.57,13.18
650,RSW,2014.0,384.0,350.0,92.0,82.0,8074,8011,0.6886,0.6417,0.7445,8.52,2.31,16.28,2.19,0.76,4.26,13.16
651,SAN,2004.0,944.0,748.0,165.0,243.0,6156,6016,0.7854,0.7508,0.7947,7.81,1.65,12.11,1.79,0.25,3.06,10.21
652,SAN,2005.0,926.0,768.0,137.0,202.0,5439,5401,0.7404,0.7038,0.7413,8.63,2.12,14.79,1.77,0.38,2.55,12.28
653,SAN,2006.0,1219.0,1060.0,171.0,338.0,5094,5052,0.7899,0.7905,0.7838,10.67,0.1,10.63,1.46,0.02,1.74,10.49
654,SAN,2007.0,1142.0,1013.0,236.0,150.0,4856,4762,0.793,0.7807,0.7934,10.51,0.48,10.22,1.24,0.03,1.46,10.22
655,SAN,2008.0,1251.0,1048.0,201.0,359.0,4570,4445,0.754,0.7425,0.766,11.15,0.31,12.75,1.41,0.02,1.97,11.25
656,SAN,2009.0,768.0,653.0,148.0,219.0,4500,4481,0.7836,0.7702,0.8076,11.34,0.27,11.79,2.18,0.0,2.64,11.05
657,SAN,2010.0,858.0,743.0,128.0,220.0,9204,9199,0.8228,0.8101,0.756,12.93,2.09,11.69,1.64,0.82,3.39,13.63
658,SAN,2011.0,1031.0,884.0,120.0,172.0,39361,39446,0.7828,0.7557,0.7208,13.46,2.76,14.55,2.1,1.6,4.89,14.91
659,SAN,2012.0,987.0,830.0,121.0,253.0,38541,38574,0.7949,0.7687,0.7364,12.88,2.44,13.94,2.49,1.79,4.82,13.96
660,SAN,2013.0,956.0,839.0,133.0,228.0,40564,40640,0.7825,0.7528,0.7281,12.63,2.64,15.27,2.62,1.41,4.86,14.86
661,SAN,2014.0,1010.0,931.0,155.0,183.0,38640,38758,0.8106,0.7892,0.7679,12.21,2.21,13.54,2.05,0.54,4.4,13.18
662,SAT,2004.0,555.0,499.0,51.0,52.0,35902,35903,0.8298,0.8077,0.7976,11.98,2.2,11.86,2.3,0.75,3.7,11.06
663,SAT,2005.0,525.0,502.0,66.0,31.0,36391,36472,0.833,0.81,0.7882,11.97,2.23,12.01,2.46,0.86,3.58,11.72
664,SAT,2006.0,474.0,410.0,94.0,44.0,36450,36385,0.8199,0.7929,0.7812,12.13,2.42,12.89,2.28,0.94,3.67,12.27
665,SAT,2007.0,721.0,660.0,99.0,113.0,34601,34659,0.8523,0.8297,0.811,11.97,2.24,10.33,2.13,0.88,3.24,10.36
666,SAT,2008.0,542.0,505.0,99.0,40.0,35396,35252,0.8139,0.788,0.7735,12.21,2.34,13.25,2.19,1.03,3.88,12.59
667,SAT,2009.0,253.0,207.0,93.0,61.0,34687,34572,0.7816,0.7525,0.7558,12.31,2.45,15.67,2.61,1.02,3.93,14.58
668,SAT,2010.0,316.0,292.0,77.0,72.0,96361,95914,0.8296,0.795,0.7877,12.86,3.49,11.21,2.62,0.94,3.04,11.05
669,SAT,2011.0,418.0,373.0,97.0,59.0,102281,101518,0.8202,0.776,0.7774,13.3,3.81,12.15,2.63,1.16,3.22,11.49
670,SAT,2012.0,303.0,243.0,64.0,65.0,102803,102972,0.8189,0.777,0.7733,13.18,3.5,12.15,2.55,1.0,3.11,11.49
671,SAT,2013.0,386.0,330.0,70.0,88.0,106794,107009,0.8176,0.7655,0.7727,13.79,4.03,13.0,2.73,1.09,2.96,12.26
672,SAT,2014.0,458.0,389.0,80.0,84.0,103786,104107,0.8091,0.7654,0.7727,13.62,3.75,13.61,2.66,0.98,3.19,12.36
673,SDF,2004.0,421.0,359.0,43.0,44.0,91757,92101,0.83,0.8021,0.8048,12.95,3.04,11.45,2.61,0.89,2.51,10.11
674,SDF,2005.0,342.0,314.0,51.0,19.0,87436,87619,0.8166,0.7808,0.804,12.88,3.11,12.35,2.37,0.86,2.21,10.3
675,SDF,2006.0,226.0,189.0,52.0,32.0,85528,85655,0.8161,0.7803,0.7936,12.92,3.17,12.54,2.02,0.83,2.52,11.03
676,SDF,2007.0,440.0,399.0,46.0,12.0,86058,86414,0.8273,0.7819,0.8065,13.37,3.63,12.91,1.96,1.06,2.13,10.76
677,SDF,2008.0,405.0,360.0,60.0,31.0,86848,87415,0.802,0.7573,0.7791,13.52,3.71,13.83,1.95,0.97,2.39,11.87
678,SDF,2009.0,276.0,238.0,42.0,36.0,90092,90007,0.7792,0.7378,0.7647,13.68,3.58,15.2,2.1,0.87,2.46,13.07
679,SDF,2010.0,326.0,288.0,46.0,22.0,53755,54414,0.7849,0.7684,0.751,9.97,2.37,13.48,2.88,0.68,3.35,13.0
680,SDF,2011.0,259.0,241.0,35.0,39.0,53524,54155,0.7943,0.7735,0.7637,10.08,2.36,12.83,2.67,0.97,2.79,12.23
681,SDF,2012.0,164.0,140.0,34.0,21.0,56908,57817,0.7895,0.7691,0.7511,10.51,2.42,13.42,2.75,0.85,3.03,13.31
682,SDF,2013.0,262.0,213.0,51.0,26.0,59403,60046,0.7702,0.7403,0.7189,11.11,2.66,15.21,3.28,0.95,3.63,15.26
683,SDF,2014.0,434.0,383.0,54.0,15.0,58527,58757,0.7904,0.7636,0.7442,11.2,2.58,14.01,2.56,0.94,3.14,14.02
684,SEA,2004.0,1280.0,1366.0,246.0,179.0,52057,52241,0.8059,0.7851,0.7788,10.55,1.95,12.29,2.66,0.8,2.55,12.23
685,SEA,2005.0,1006.0,1161.0,195.0,178.0,52583,52984,0.7948,0.7721,0.764,10.57,2.1,12.98,2.36,0.92,2.45,13.12
686,SEA,2006.0,913.0,1052.0,227.0,180.0,52547,52923,0.8078,0.7782,0.7862,11.22,2.63,12.81,1.71,0.97,2.25,11.94
687,SEA,2007.0,1077.0,1242.0,253.0,197.0,53839,53996,0.8082,0.7789,0.784,11.39,2.74,12.58,1.69,1.1,2.45,11.76
688,SEA,2008.0,1142.0,1163.0,264.0,175.0,53652,54020,0.782,0.76,0.7557,11.14,2.15,13.44,1.68,0.86,2.66,13.21
689,SEA,2009.0,487.0,460.0,245.0,181.0,53144,53325,0.7601,0.7356,0.7323,11.07,2.07,14.86,2.17,1.02,2.84,15.2
690,SEA,2010.0,480.0,458.0,253.0,94.0,71480,71254,0.6908,0.6431,0.7361,11.73,3.13,16.62,3.14,1.09,4.52,13.33
691,SEA,2011.0,509.0,509.0,203.0,127.0,74853,74918,0.6405,0.5939,0.7037,11.85,3.39,18.97,3.17,1.49,4.82,14.63
692,SEA,2012.0,658.0,671.0,236.0,117.0,72888,72864,0.6283,0.5702,0.6786,13.09,3.95,20.27,3.52,1.67,5.65,15.97
693,SEA,2013.0,423.0,441.0,201.0,184.0,76091,75865,0.7061,0.6413,0.7182,12.91,3.34,17.54,3.4,1.17,4.63,14.6
694,SEA,2014.0,502.0,543.0,272.0,98.0,69842,69458,0.7034,0.645,0.7157,12.7,3.03,17.72,3.51,1.29,5.13,14.97
695,SFO,2004.0,1768.0,1987.0,250.0,139.0,63330,62958,0.7311,0.6821,0.7467,12.57,2.59,16.18,2.99,0.93,4.18,12.52
696,SFO,2005.0,1644.0,1865.0,274.0,138.0,65983,65408,0.7105,0.6739,0.729,12.62,2.49,16.54,3.23,0.88,3.98,13.52
697,SFO,2006.0,2361.0,2530.0,238.0,129.0,66057,65376,0.7105,0.6952,0.7288,11.91,1.58,15.48,3.22,0.6,3.98,13.58
698,SFO,2007.0,2550.0,2753.0,332.0,162.0,64282,63257,0.7131,0.6973,0.7286,11.95,1.48,15.04,2.75,0.73,3.45,13.24
699,SFO,2008.0,2790.0,2984.0,342.0,243.0,65029,63796,0.7236,0.6863,0.7131,12.54,2.05,16.02,2.45,0.75,3.53,14.23
700,SFO,2009.0,1631.0,1860.0,302.0,194.0,64316,63805,0.715,0.6778,0.727,12.39,1.71,16.43,2.28,0.71,3.62,14.26
701,SFO,2010.0,2702.0,2934.0,365.0,352.0,175769,175080,0.8173,0.7812,0.8107,13.17,2.98,12.34,3.72,1.14,3.13,10.27
702,SFO,2011.0,2859.0,3019.0,324.0,321.0,167561,167023,0.7911,0.7512,0.776,13.29,3.17,14.04,3.63,1.44,3.19,12.53
703,SFO,2012.0,4014.0,4232.0,383.0,338.0,166479,167019,0.7927,0.7469,0.7632,14.62,3.8,14.28,3.78,1.5,4.15,13.06
704,SFO,2013.0,3318.0,3503.0,431.0,476.0,167658,167931,0.7771,0.7152,0.7437,15.53,4.04,15.54,4.18,1.29,4.66,14.16
705,SFO,2014.0,4257.0,4493.0,441.0,375.0,166460,167035,0.8173,0.7716,0.7763,15.77,3.57,12.93,4.38,1.47,4.33,12.19
706,SJC,2004.0,849.0,797.0,83.0,83.0,154524,154814,0.867,0.8208,0.833,15.5,3.39,10.13,3.7,1.85,3.36,9.03
707,SJC,2005.0,764.0,691.0,87.0,43.0,152846,153105,0.8708,0.8449,0.848,14.32,2.39,8.96,3.1,1.17,2.64,8.67
708,SJC,2006.0,753.0,669.0,94.0,103.0,153354,153779,0.8786,0.8503,0.8456,14.09,2.58,8.65,2.83,0.96,2.9,8.56
709,SJC,2007.0,737.0,678.0,108.0,57.0,151109,150604,0.8806,0.8507,0.8577,14.05,2.6,8.86,2.56,1.32,2.73,8.05
710,SJC,2008.0,806.0,759.0,111.0,87.0,154456,153310,0.8626,0.8212,0.8413,14.54,3.24,10.09,2.23,1.86,3.42,8.76
711,SJC,2009.0,535.0,517.0,62.0,30.0,165858,165955,0.848,0.8063,0.8245,14.79,3.18,10.87,2.75,1.82,3.88,9.86
712,SJC,2010.0,380.0,351.0,72.0,43.0,162677,166132,0.8245,0.767,0.7627,15.8,4.41,12.84,2.77,1.15,3.93,13.28
713,SJC,2011.0,489.0,450.0,60.0,71.0,162913,164784,0.7958,0.7376,0.7438,15.72,4.15,15.17,2.91,1.32,4.06,15.25
714,SJC,2012.0,398.0,361.0,49.0,33.0,166306,168661,0.7467,0.6851,0.7019,16.1,4.39,17.91,3.08,1.38,4.8,17.17
715,SJC,2013.0,432.0,403.0,60.0,25.0,174691,174929,0.7459,0.6652,0.6959,17.32,5.25,19.36,3.42,1.6,4.8,18.14
716,SJC,2014.0,428.0,391.0,70.0,34.0,180476,180799,0.7532,0.691,0.7007,17.2,4.51,19.52,3.59,1.77,4.72,19.46
717,SJU,2004.0,330.0,289.0,55.0,28.0,178369,178980,0.7844,0.7347,0.7412,16.51,3.87,16.32,3.66,1.53,3.92,16.75
718,SJU,2005.0,315.0,282.0,64.0,36.0,181495,181856,0.7549,0.7063,0.7176,16.0,3.73,18.88,3.65,1.73,3.89,19.17
719,SJU,2006.0,257.0,233.0,63.0,44.0,189552,190242,0.7655,0.6995,0.7165,16.43,4.4,18.24,3.66,2.15,3.84,18.37
720,SJU,2007.0,307.0,278.0,70.0,42.0,199751,200238,0.7294,0.6413,0.6978,17.48,5.32,21.86,3.24,3.07,3.69,21.01
721,SJU,2008.0,238.0,197.0,78.0,29.0,198131,198877,0.7623,0.7034,0.727,16.43,4.13,18.08,2.99,2.23,3.27,18.44
722,SJU,2009.0,199.0,159.0,57.0,58.0,206374,205946,0.736,0.6458,0.6993,17.84,5.59,20.69,3.2,2.17,3.71,19.65
723,SJU,2010.0,258.0,207.0,82.0,45.0,75631,76805,0.8063,0.7764,0.783,12.05,3.07,11.97,2.64,0.82,2.58,11.3
724,SJU,2011.0,240.0,201.0,101.0,55.0,72696,73263,0.8011,0.7849,0.7688,11.08,2.19,11.43,2.68,1.08,2.67,11.87
725,SJU,2012.0,174.0,141.0,62.0,41.0,73196,73856,0.7908,0.7599,0.7588,11.92,3.06,12.65,2.47,0.99,2.94,12.25
726,SJU,2013.0,127.0,94.0,65.0,64.0,73741,74273,0.7988,0.7761,0.7649,11.5,2.31,11.75,2.25,0.81,2.63,12.24
727,SJU,2014.0,280.0,241.0,72.0,31.0,67435,67891,0.816,0.7987,0.7831,11.11,2.15,11.27,1.97,0.92,2.52,11.44
728,SLC,2004.0,1547.0,1931.0,273.0,93.0,57650,57930,0.8437,0.8324,0.8189,10.55,1.74,9.1,1.61,0.92,1.9,9.18
729,SLC,2005.0,1685.0,2222.0,337.0,115.0,52042,52357,0.7955,0.7859,0.7883,10.18,1.59,11.07,1.65,0.73,2.13,10.69
730,SLC,2006.0,1027.0,1325.0,285.0,93.0,51848,52070,0.8084,0.7917,0.7975,10.2,1.83,10.99,1.36,0.68,2.05,10.37
731,SLC,2007.0,1123.0,1482.0,353.0,82.0,50458,50521,0.8317,0.8131,0.8277,10.48,2.1,9.92,1.39,0.78,1.8,8.87
732,SLC,2008.0,1089.0,1335.0,414.0,172.0,52414,52518,0.7862,0.763,0.7797,11.01,2.28,12.29,1.33,0.71,2.02,11.31
733,SLC,2009.0,734.0,1000.0,447.0,190.0,55558,55523,0.7589,0.737,0.7487,11.06,2.14,13.93,1.8,0.7,2.46,13.09
734,SLC,2010.0,1006.0,1431.0,483.0,241.0,60371,56735,0.8019,0.7794,0.7984,13.84,2.27,12.43,1.88,0.79,3.39,12.28
735,SLC,2011.0,801.0,1145.0,387.0,163.0,57736,54870,0.7789,0.7464,0.7604,14.14,3.03,14.43,1.63,1.36,4.04,14.65
736,SLC,2012.0,473.0,754.0,312.0,62.0,55707,52948,0.8054,0.7446,0.7611,15.75,4.28,14.34,1.73,1.29,4.19,14.17
737,SLC,2013.0,869.0,1139.0,301.0,291.0,47987,47246,0.8014,0.7522,0.7414,15.22,3.16,14.97,1.55,1.71,4.09,16.31
738,SLC,2014.0,573.0,801.0,278.0,103.0,44493,43448,0.8004,0.781,0.7533,14.22,1.85,13.59,1.64,1.25,3.75,15.18
739,SMF,2004.0,447.0,406.0,76.0,92.0,48418,46678,0.8168,0.8015,0.7999,13.29,1.43,12.28,1.22,0.95,2.88,11.77
740,SMF,2005.0,387.0,346.0,69.0,69.0,47314,45781,0.7967,0.7815,0.7719,13.04,1.39,13.0,1.65,1.32,3.53,13.4
741,SMF,2006.0,541.0,476.0,76.0,55.0,42803,42401,0.8179,0.7934,0.7899,13.23,1.96,12.07,1.45,1.57,3.67,12.28
742,SMF,2007.0,551.0,494.0,100.0,53.0,44716,43985,0.8417,0.8228,0.8181,13.15,1.82,10.55,1.41,1.33,2.89,10.64
743,SMF,2008.0,507.0,457.0,112.0,63.0,42902,42175,0.8058,0.7808,0.784,13.56,2.2,13.52,1.78,1.41,2.86,12.96
744,SMF,2009.0,344.0,324.0,58.0,24.0,43671,42965,0.8056,0.7784,0.7815,12.89,1.88,13.13,1.81,1.0,2.93,12.79
745,SMF,2010.0,493.0,451.0,95.0,34.0,161528,160765,0.833,0.7503,0.8062,15.88,5.03,12.78,3.08,1.53,3.73,10.23
746,SMF,2011.0,538.0,506.0,74.0,59.0,186361,184974,0.8237,0.743,0.8195,16.25,4.8,12.77,2.94,1.84,3.07,9.47
747,SMF,2012.0,465.0,440.0,74.0,35.0,205054,169156,0.8292,0.7278,0.8055,17.4,5.76,13.57,3.82,1.73,3.42,10.49
748,SMF,2013.0,437.0,390.0,75.0,26.0,171576,169476,0.813,0.6974,0.7813,18.72,6.6,15.34,4.62,1.86,3.77,11.98
749,SMF,2014.0,579.0,536.0,78.0,27.0,159347,157543,0.8369,0.7518,0.8192,18.25,5.64,13.43,3.8,1.79,3.33,10.38
750,SNA,2004.0,632.0,583.0,104.0,107.0,151233,149920,0.8558,0.7571,0.8398,18.8,5.93,12.45,4.08,2.04,3.22,8.86
751,SNA,2005.0,559.0,525.0,84.0,106.0,147975,146918,0.8293,0.7402,0.8195,18.29,5.28,13.54,4.06,1.9,3.11,9.84
752,SNA,2006.0,721.0,653.0,113.0,140.0,139366,139144,0.8529,0.7914,0.8488,17.41,4.54,11.25,2.71,1.32,2.4,8.38
753,SNA,2007.0,895.0,797.0,149.0,144.0,129026,129031,0.8691,0.8153,0.8661,17.21,4.42,10.16,1.87,1.3,2.19,7.52
754,SNA,2008.0,726.0,653.0,117.0,128.0,128090,127946,0.8408,0.7698,0.8367,18.13,5.31,13.15,2.02,1.75,2.79,9.75
755,SNA,2009.0,516.0,466.0,104.0,77.0,129307,128941,0.8286,0.7866,0.8369,16.59,3.72,12.17,1.84,1.31,2.47,9.77
756,SNA,2010.0,456.0,397.0,103.0,94.0,65686,65960,0.8025,0.769,0.7724,10.86,2.64,12.95,2.54,1.12,2.59,12.17
757,SNA,2011.0,531.0,475.0,96.0,77.0,61470,61500,0.8067,0.7884,0.7706,10.46,1.93,12.29,2.13,0.73,2.49,12.13
758,SNA,2012.0,496.0,423.0,82.0,98.0,52731,52905,0.8401,0.8281,0.8066,9.85,1.57,9.75,1.88,0.65,1.75,9.87
759,SNA,2013.0,443.0,387.0,89.0,93.0,51516,51632,0.8209,0.8073,0.7886,9.64,1.48,10.86,1.93,0.66,1.98,11.1
760,SNA,2014.0,468.0,425.0,85.0,71.0,50574,50719,0.8265,0.7981,0.8055,10.32,2.19,11.36,1.86,0.83,2.01,10.41
761,STL,2004.0,832.0,805.0,119.0,135.0,49016,49085,0.8505,0.8285,0.8311,10.43,2.2,10.4,1.71,1.01,1.69,9.28
762,STL,2005.0,790.0,756.0,136.0,116.0,46868,47183,0.8242,0.7999,0.8035,10.58,2.13,11.29,1.87,0.74,1.64,10.47
763,STL,2006.0,994.0,940.0,158.0,119.0,47618,47523,0.7861,0.7661,0.7659,10.75,2.04,13.09,2.0,0.85,2.1,12.57
764,STL,2007.0,1292.0,1256.0,138.0,144.0,14135,14276,0.7857,0.721,0.7716,13.48,4.44,14.34,3.17,1.81,3.44,11.12
765,STL,2008.0,1316.0,1244.0,162.0,165.0,55590,55995,0.8046,0.7443,0.7799,12.91,4.07,12.98,2.96,1.67,3.06,10.92
766,STL,2009.0,695.0,642.0,113.0,83.0,56634,57499,0.7952,0.7312,0.7668,12.91,4.15,13.51,2.76,1.65,3.41,11.48
767,STL,2010.0,715.0,700.0,129.0,85.0,57795,58356,0.7823,0.7039,0.7575,13.49,4.66,14.73,3.12,2.05,3.39,12.17
768,STL,2011.0,1238.0,1135.0,140.0,150.0,51644,52088,0.8028,0.7394,0.7788,13.31,4.31,13.7,2.49,1.75,3.14,11.18
769,STL,2012.0,502.0,477.0,107.0,100.0,50127,50368,0.8286,0.7676,0.8148,12.85,4.04,12.08,2.38,1.77,2.71,9.2
770,STL,2013.0,765.0,708.0,116.0,114.0,46002,46334,0.8067,0.757,0.8091,11.97,3.38,12.6,2.3,1.44,2.24,9.42
771,STL,2014.0,1014.0,920.0,135.0,105.0,45157,45435,0.8199,0.7672,0.8182,11.72,3.36,11.92,1.96,1.29,2.23,9.07
772,SWF,2004.0,81.0,70.0,4.0,3.0,45397,45653,0.8133,0.7646,0.8234,11.59,3.28,12.69,1.74,1.04,1.91,8.95
773,SWF,2005.0,94.0,80.0,5.0,7.0,46656,46935,0.7907,0.7531,0.7986,11.28,3.09,13.08,1.61,1.04,2.1,9.89
774,SWF,2006.0,39.0,37.0,3.0,4.0,47176,47252,0.7578,0.715,0.7688,11.39,3.1,14.85,1.77,0.82,2.36,11.67
775,SWF,2007.0,120.0,103.0,19.0,21.0,130440,130684,0.8232,0.8126,0.8263,11.42,1.67,10.94,3.93,0.53,2.06,9.76
776,SWF,2008.0,53.0,41.0,13.0,15.0,134794,134879,0.8164,0.7915,0.8193,11.69,2.68,12.15,3.6,1.31,2.09,10.72
777,SWF,2009.0,29.0,18.0,7.0,6.0,127485,127934,0.794,0.7746,0.8061,11.49,2.06,13.03,3.03,0.79,2.25,11.43
778,SWF,2010.0,67.0,54.0,5.0,12.0,118824,119185,0.761,0.7371,0.7604,11.45,2.15,15.77,3.66,1.18,2.69,14.37
779,SWF,2011.0,42.0,40.0,4.0,5.0,116267,116638,0.7737,0.7515,0.7758,11.4,2.19,15.22,3.95,1.15,2.92,13.86
780,SWF,2012.0,14.0,12.0,3.0,1.0,98714,98773,0.8163,0.7976,0.8168,11.0,1.76,11.93,3.29,0.78,2.25,10.54
781,SWF,2013.0,27.0,23.0,7.0,6.0,85835,85963,0.7849,0.7635,0.7952,10.84,1.89,13.33,2.78,1.28,2.5,11.6
782,SWF,2014.0,17.0,11.0,3.0,11.0,88445,88387,0.7855,0.7623,0.7897,10.74,1.95,13.86,2.41,1.38,2.79,12.15
783,TPA,2004.0,1167.0,1016.0,154.0,139.0,89904,89576,0.8094,0.7851,0.816,10.61,1.89,12.41,2.03,1.27,2.3,10.68
784,TPA,2005.0,771.0,746.0,212.0,103.0,87766,88139,0.7694,0.7416,0.7805,10.61,2.04,14.81,1.59,0.89,2.36,12.62
785,TPA,2006.0,427.0,356.0,197.0,189.0,86632,86474,0.743,0.715,0.7506,10.74,2.1,16.62,1.78,0.99,2.75,14.64
786,TPA,2007.0,705.0,655.0,186.0,121.0,2734,2662,0.7008,0.6544,0.6525,12.91,3.42,18.9,3.63,0.45,4.34,18.67
787,TPA,2008.0,727.0,654.0,194.0,182.0,8820,8666,0.6991,0.6776,0.6547,12.1,2.38,18.61,3.3,0.74,4.75,17.92
788,TPA,2009.0,349.0,307.0,201.0,102.0,6582,6359,0.6694,0.6542,0.6141,11.91,1.92,19.73,3.38,0.67,5.72,21.09
789,TPA,2010.0,709.0,655.0,157.0,140.0,9634,9418,0.7162,0.6583,0.6277,13.76,3.84,20.49,2.49,1.61,6.14,20.78
790,TPA,2011.0,667.0,622.0,176.0,137.0,8096,7907,0.7456,0.7155,0.692,13.37,2.42,17.78,2.71,0.68,4.27,17.68
791,TPA,2012.0,450.0,411.0,131.0,132.0,5068,4975,0.7129,0.6687,0.6476,14.65,3.02,19.2,2.84,0.75,4.93,19.37
792,TPA,2013.0,326.0,301.0,152.0,118.0,4840,4819,0.7519,0.7192,0.6559,14.09,2.46,16.71,2.89,0.51,4.91,19.69
793,TPA,2014.0,723.0,691.0,183.0,163.0,5546,5444,0.7034,0.6918,0.6275,13.17,1.3,18.35,2.91,0.84,4.34,20.71
794,TUS,2004.0,103.0,80.0,50.0,22.0,5546,5474,0.7495,0.7467,0.6955,12.31,0.83,14.59,2.72,0.34,3.78,16.55
795,TUS,2005.0,126.0,101.0,36.0,26.0,4935,4873,0.74,0.6987,0.6483,14.03,2.7,16.73,2.49,0.82,5.5,18.87
796,TUS,2006.0,206.0,174.0,63.0,46.0,4863,4871,0.7027,0.6955,0.6843,12.42,0.65,17.24,2.83,0.23,4.73,17.14
797,TUS,2007.0,281.0,237.0,65.0,22.0,28711,28964,0.2889,0.3104,0.38,9.11,0.0,36.89,6.28,0.0,6.09,31.14
798,TUS,2008.0,206.0,174.0,59.0,16.0,29219,29332,0.2945,0.2885,0.3495,9.44,0.54,38.3,6.23,0.26,7.44,34.28
799,TUS,2009.0,117.0,100.0,38.0,28.0,29286,29520,0.3088,0.3151,0.3598,10.33,0.05,37.47,5.67,0.0,6.05,32.7
800,TUS,2010.0,144.0,110.0,42.0,35.0,30326,30630,0.2956,0.2951,0.3583,11.05,0.08,39.9,5.9,0.01,6.58,33.33
801,TUS,2011.0,204.0,183.0,43.0,28.0,26049,25870,0.2786,0.2774,0.3611,11.2,0.14,38.69,5.69,0.0,6.21,33.41
802,TUS,2012.0,117.0,107.0,38.0,29.0,20989,20866,0.2467,0.2457,0.3979,11.15,0.1,40.87,5.22,0.0,5.12,31.05
803,TUS,2013.0,175.0,153.0,62.0,18.0,22793,22898,0.2786,0.2767,0.3791,11.2,0.14,38.31,5.26,0.0,5.15,31.97
804,TUS,2014.0,178.0,155.0,55.0,39.0,24396,24798,0.3185,0.317,0.3982,11.16,0.11,35.4,5.39,0.0,5.05,30.94
