,Zip Code,Predicted Total Sales,Predicted Dollar/liter,Store Count,Area (sqkm),Stores per sqkm,Zip Sales - Total,Dollar per liter
0,50001,130858.734461,12.9928913747,,,,,
1,50002,139878.456396,13.9361681331,2.0,279.202219,0.00716326685068,43680.0,14.9840485747
17,50003,624315.459855,14.0072951125,3.0,298.086291,0.0100641998327,452387.76,13.9431164633
44,50005,72064.3464651,10.3133968307,,,,,
45,50006,162441.673374,15.5345025873,2.0,317.74515,0.00629435256526,113657.52,14.205627381
62,50007,64840.5663985,17.2878421774,,,,,
63,50008,-44801.3486087,45.0648128462,,,,,
64,50009,1068535.98268,14.7771104722,9.0,65.207113,0.13802175232,2867551.34,14.7863753274
169,50014,2094695.09201,13.5796631287,4.0,144.826088,0.0276193333345,415894.63,14.0152808636
206,50021,2387995.2852,13.3134696714,12.0,66.725924,0.179840147287,1661771.85,13.742054749
343,50022,887171.121518,13.4306240044,6.0,431.883311,0.0138926414779,1104793.05,12.9483326866
405,50025,332116.197256,14.043131431,2.0,507.431421,0.00394141930758,94061.94,11.3736679504
418,50026,275752.506424,12.9405231824,,,,,
419,50027,227466.978257,9.37758700876,,,,,
420,50028,471468.111443,12.3084706741,2.0,114.933651,0.0174013440154,13951.2,14.0218702259
432,50029,85697.9908063,12.6971477462,,,,,
433,50032,854658.728575,11.779614171,,,,,
434,50033,384665.775576,11.5626298347,1.0,0.288201,3.46980059056,54984.48,12.8669231417
446,50034,-155965.845146,20.2790546922,,,,,
447,50035,176700.728404,18.2683778809,1.0,116.89815,0.00855445531003,115970.76,14.2710760643
459,50036,1610147.18238,13.069566892,9.0,505.063491,0.0178195418207,1673319.39,12.7532083478
556,50038,447383.58824,14.969851624,,,,,
557,50039,19140.7509773,3.08559854613,,,,,
558,50041,132584.815732,7.91323796334,,,,,
559,50042,57133.5375416,14.1092810248,,,,,
560,50044,51387.3261138,8.18404003323,1.0,118.473056,0.00844073778261,16442.46,8.82579710145
569,50046,266887.964991,15.8675470351,1.0,119.973352,0.00833518429993,12828.51,12.9041281912
578,50047,685264.775072,13.6851688386,2.0,152.159628,0.01314409102,275648.7,11.1455216141
596,50048,138767.069953,11.4089834303,1.0,226.57327,0.00441358329692,40606.5,15.7879082426
606,50049,524187.53705,11.7365630521,2.0,523.124656,0.0038231805308,436927.38,14.0045405331
629,50051,-101136.464214,-147.48551537,,,,,
630,50052,-229197.282347,9.86700791261,,,,,
631,50054,403787.039405,12.6081485565,2.0,152.872278,0.013082816755,148507.38,11.8595373493
654,50055,207335.336686,10.6035449503,,,,,
655,50056,385548.916853,15.6491776781,1.0,149.192377,0.00670275532911,30421.8,10.5083937824
665,50057,45089.8763026,6.67719155211,,,,,
666,50058,222751.052275,15.6566737121,2.0,364.231967,0.0054910062301,76824.2,12.379120038
678,50061,419262.309071,18.3833568623,1.0,81.699043,0.0122400454556,8869.92,12.9677192982
682,50062,58278.904487,7.14809558104,,,,,
683,50063,297139.031528,12.3986353293,,,,,
684,50064,52026.2997461,6.26856258281,,,,,
685,50065,8509.63373225,9.86644132172,,,,,
686,50066,-126288.868143,14.4427632806,,,,,
687,50067,169153.989582,9.51290948763,,,,,
688,50068,-32466.6813279,41.7215347382,,,,,
689,50069,350383.188134,11.3029547089,2.0,13.262492,0.150801221972,90623.04,12.2104514293
709,50071,-27632.9539795,6.48853900892,1.0,293.114182,0.00341163976842,12749.1,14.59375
716,50072,396863.682716,13.2692695365,1.0,228.908869,0.00436855070041,28546.5,10.4577426091
726,50073,379123.568811,15.2007103395,,,,,
727,50074,59221.3404693,-6.38758060982,,,,,
728,50075,436621.301775,16.3092888383,1.0,119.369391,0.00837735697253,74736.24,12.198170672
740,50076,-27918.6772722,19.8758830075,1.0,290.651382,0.00344054789321,22957.44,10.5116483516
748,50078,40599.9739361,6.5767016868,,,,,
749,50101,-77679.1005296,-14.54006632,,,,,
750,50102,-152478.598288,12.920751127,,,,,
751,50103,-75177.5374548,9.09261190584,,,,,
752,50104,17084.5523986,-1.85713334319,,,,,
753,50105,247676.136453,25.3373028876,,,,,
754,50106,136321.261031,14.5947836117,,,,,
755,50107,17186.6626996,-873.862646033,1.0,130.433186,0.00766676051293,26043.21,11.2814424951
764,50108,100566.85297,18.593145338,,,,,
765,50109,186550.434504,22.3073188053,1.0,62.757235,0.0159344177608,45244.2,11.5527331781
777,50111,1202828.88966,14.5646462997,6.0,71.484606,0.0839341549984,1345135.07,13.9660789182
848,50112,1393259.55056,12.6589410178,7.0,475.672153,0.0147160180722,1152139.34,14.2690997659
922,50115,18351.1791883,5.48068140637,2.0,441.185334,0.00453324225868,88531.86,12.1170620745
935,50116,-218940.767529,21.1051829097,,,,,
936,50117,250662.074719,13.8111467399,,,,,
937,50118,106913.577079,9.09604969144,,,,,
938,50119,191150.188432,9.20511085156,,,,,
939,50122,261897.516121,16.8980472621,1.0,218.621364,0.00457411838305,46518.96,9.49862785455
951,50123,131863.569589,11.518153448,1.0,204.584834,0.00488794785248,26602.95,10.6272795184
962,50124,704301.133316,15.9255914003,2.0,54.098688,0.0369694732708,84641.64,13.9024580134
980,50125,1306890.58244,12.3664581867,8.0,426.521944,0.0187563620408,1869697.92,12.2013381614
1071,50126,681736.025144,13.9959878965,5.0,351.87483,0.0142095983393,1020080.95,13.3002073625
1120,50128,-6910.12635759,-1.45537461657,,,,,
1121,50129,610235.016255,12.5489023858,5.0,435.65865,0.0114768753013,824615.38,12.5403322472
1179,50131,679614.611487,14.7530911944,9.0,64.666939,0.13917467162,1529568.87,14.3389145869
1265,50132,96263.7329253,10.2621433232,,,,,
1266,50133,148185.933904,15.3543426097,,,,,
1267,50134,286554.864044,13.4095914453,,,,,
1268,50135,193034.889825,12.6313653409,1.0,195.278764,0.00512088452178,19260.99,14.3685117493
1275,50136,-146701.533206,9.47179243741,1.0,100.632209,0.00993717627723,7363.35,11.0172065535
1280,50138,1079029.50456,12.3343498827,5.0,461.827288,0.0108265581743,951679.2,13.362167153
1340,50139,-20601.9060266,-79.144387209,,,,,
1341,50141,-91633.1101213,10.7718087739,,,,,
1342,50142,207216.888924,14.5486818119,1.0,2.566675,0.389609124646,81746.52,13.5901727646
1354,50143,215097.388429,10.7767676889,,,,,
1355,50144,380911.247487,13.9984080742,3.0,362.605062,0.00827346420222,80122.54,13.5662952929
1383,50146,38546.6631894,3.03157057062,,,,,
1384,50147,-37381.0123873,19.8698894582,,,,,
1385,50148,104507.855213,7.438883751,,,,,
1386,50149,119568.648317,9.66936560096,,,,,
1387,50151,137743.369325,8.74172552739,,,,,
1388,50153,71797.7917461,9.82324906101,,,,,
1389,50154,178316.396956,10.4785287557,,,,,
1390,50155,9966.72512633,1.7580244116,,,,,
1391,50156,465119.451867,13.3622223822,1.0,238.724015,0.00418893758971,102797.64,12.39254405
1403,50157,262901.968903,10.0443357972,,,,,
1404,50158,1628804.15359,14.1062400021,12.0,548.346934,0.0218839556783,1659464.15,14.3360300684
1518,50161,155173.024107,11.0404683936,1.0,211.812219,0.00472116294669,25944.0,11.122829582
1528,50162,264428.460887,11.9449364938,1.0,132.120698,0.00756883679195,2670.3,12.1102040816
1531,50164,274386.968097,12.6566580723,,,,,
1532,50165,-2097.98849974,0.515876751788,,,,,
1533,50166,151385.65105,10.3717033783,,,,,
1534,50167,210304.48012,12.6623450743,,,,,
1535,50168,237343.6498,10.2064934061,,,,,
1536,50169,370895.146553,13.2109072704,,,,,
1537,50171,15638.4335372,2.42905559197,3.0,281.675684,0.0106505466052,285163.52,13.7104437713
1571,50173,-152162.993225,15.2815989942,,,,,
1572,50174,249467.340143,10.7949363501,,,,,
1573,50201,797702.312246,13.0929956791,5.0,300.453642,0.0166415023852,457930.08,12.1353558481
1629,50206,31874.2163102,-9.13866017108,,,,,
1630,50207,230222.876818,10.7179498522,1.0,366.588282,0.00272785587838,14904.72,14.81950783
1639,50208,1840029.56904,12.7577535756,6.0,426.046663,0.0140829644287,1662235.08,12.5863053106
1705,50211,457599.50466,13.5397971947,5.0,147.182178,0.0339715043488,691612.08,13.1441805518
1761,50212,526720.254948,12.9330091258,2.0,352.230522,0.00567809963953,86184.12,12.482853915
1781,50213,570141.339112,13.1622445252,6.0,543.975469,0.0110299091447,784683.12,13.8998086897
1843,50214,234460.932563,9.75518393573,,,,,
1844,50216,388076.358945,15.3865159708,2.0,145.699881,0.0137268471757,233752.32,12.5754422208
1868,50217,-36507.4665475,14.1340710634,,,,,
1869,50218,70049.7300187,5.155885579,,,,,
1870,50219,1152533.24523,12.9782408731,3.0,317.144262,0.0094594175568,1144955.16,14.1610114401
1906,50222,-268919.572194,19.1419126518,,,,,
1907,50223,-61198.7174092,23.0011278446,,,,,
1908,50225,-10865.4944036,-16.7063764817,1.0,217.246336,0.0046030695772,82937.52,12.0009376465
1920,50226,370709.825123,12.5517962779,3.0,109.873855,0.0273040387998,333032.53,12.5135373479
1951,50227,-576856.206872,12.0911476216,,,,,
1952,50228,308042.767498,12.3056453991,1.0,180.367188,0.00554424566402,28496.71,14.5295008413
1963,50229,291373.949126,9.27191091531,,,,,
1964,50231,525950.089067,13.3074784374,,,,,
1965,50232,101488.772866,7.47326710947,,,,,
1966,50233,234829.148041,11.8902764775,,,,,
1967,50234,232122.891787,8.88378692605,,,,,
1968,50235,50167.0457588,186.609345741,,,,,
1969,50236,208619.58546,31.8286597777,,,,,
1970,50237,200294.557445,13.9514344815,,,,,
1971,50238,146066.565535,10.5307280466,,,,,
1972,50239,159452.604254,13.9894291404,,,,,
1973,50242,218329.867166,19.0597136988,,,,,
1974,50243,296254.461845,10.423622246,,,,,
1975,50244,317578.57361,21.6756726885,1.0,57.130248,0.0175038624023,99172.8,12.5051446556
1999,50246,113551.073605,16.3729592995,,,,,
2000,50247,177166.156994,13.236600112,2.0,215.968634,0.00926060401901,44048.16,11.4125047932
2016,50248,502845.96098,14.0388781258,5.0,211.580755,0.0236316388983,252988.72,11.9384533492
2072,50249,199278.402639,13.0965346533,1.0,202.332923,0.00494234939709,50396.4,12.7786398905
2084,50251,195578.553418,10.2805220226,1.0,104.817095,0.00954042849594,10455.6,14.9901075269
2089,50252,48488.503952,13.6567112273,,,,,
2090,50254,105408.013707,8.87647472551,,,,,
2091,50256,83732.7378738,7.00340852838,,,,,
2092,50257,46375.7180902,5.77760807703,,,,,
2093,50258,150207.174771,17.6095320254,,,,,
2094,50261,184993.810594,16.3542535837,1.0,173.242731,0.00577224795654,13228.8,9.60278745645
2102,50262,78059.0992353,8.19591195888,,,,,
2103,50263,741097.274243,16.017526792,5.0,90.002855,0.0555537932658,347035.92,13.3436965058
2161,50264,9056.46679755,1.65850956924,,,,,
2162,50265,1198058.6992,15.8343448575,15.0,46.466559,0.322812799631,1727138.23,14.9625112102
2323,50266,1573144.53278,15.5537575504,16.0,43.060835,0.371567341878,1807496.77,15.5479166142
2496,50268,183707.259618,16.1543077391,,,,,
2497,50271,174954.213737,10.8309277694,,,,,
2498,50272,143324.741719,16.437886839,,,,,
2499,50273,742834.441344,11.6518944616,5.0,519.17142,0.00963073044352,852858.92,11.4235466858
2554,50274,255408.825077,14.1578924905,,,,,
2555,50275,126334.270656,8.55654522693,,,,,
2556,50276,172022.982575,11.9801502766,1.0,209.84696,0.00476537758755,28165.83,11.7320962199
2567,50277,286280.578349,14.5355483628,,,,,
2568,50278,101183.993673,10.8819646989,,,,,
2569,50309,518050.706589,13.8911317572,6.0,7.776473,0.771558005795,416185.27,12.9445135963
2614,50311,2168741.92502,15.4364714057,7.0,6.511832,1.07496630748,2863517.54,14.6707417965
2693,50312,1166153.88824,14.2693969087,5.0,15.05106,0.332202515969,1468521.0,18.1983280827
2749,50313,2087366.31923,14.2356447637,9.0,47.635293,0.188935544072,678506.74,13.0055907192
2837,50314,1086942.24851,19.6756051271,6.0,6.629721,0.905015459927,743015.08,21.007511093
2894,50315,2736063.3012,14.7933644793,11.0,26.560331,0.414151465206,1735068.9,13.8406370173
3004,50316,1801729.60313,15.1943362575,7.0,9.302481,0.752487427816,1328301.15,15.527143312
3062,50317,3414715.23691,14.402093406,20.0,60.041842,0.333101039772,4294976.15,14.3949730732
3287,50321,665061.872133,15.7824652603,5.0,30.969186,0.16145080468,328020.96,13.0668409863
3342,50322,2295664.91808,14.8074731805,19.0,27.938267,0.6800708147,1690107.93,15.8792421294
3520,50323,46659.9022056,53.0989280848,4.0,19.984131,0.200158816013,117974.9,15.0865358548
3554,50325,1434689.4454,15.3113997316,9.0,20.224117,0.445013248292,807952.43,15.6322843866
3643,50401,3275142.14912,13.1243315113,13.0,387.509792,0.0335475393613,3286041.87,12.9145336408
3776,50421,300350.636472,12.2949050339,3.0,232.911303,0.0128804397269,326551.56,11.1140004084
3812,50423,238858.495488,12.9907021611,2.0,376.364842,0.00531399263909,134029.68,9.82226228427
3833,50424,298835.931011,13.9028969484,2.0,315.854649,0.00633202647589,81001.62,11.9244534735
3852,50426,56807.8760727,32.0728395167,,,,,
3853,50428,1046026.53042,14.0584398101,4.0,316.380154,0.0126430180573,1925031.6,13.6142504704
3901,50431,81135.4624422,27.6133914164,,,,,
3902,50432,212614.21434,12.8603662085,,,,,
3903,50433,-189999.818289,15.7610020144,,,,,
3904,50434,20399.1719458,5.65961390129,,,,,
3905,50435,-66438.6460724,12.5183302918,1.0,105.304339,0.00949628485869,186347.64,14.8799083958
3917,50436,306957.554016,13.1099688598,2.0,354.034151,0.00564917252856,676827.72,11.7766597833
3941,50438,392651.499675,12.3139081753,1.0,342.63578,0.0029185510048,188554.8,10.3187653916
3953,50439,-24322.7455065,9.70053274491,,,,,
3954,50441,454088.440995,13.7730130408,4.0,395.662654,0.0101096223249,578120.7,12.4751590089
3999,50444,38929.6544025,11.7979849591,,,,,
4000,50446,224294.37536,9.67084855866,,,,,
4001,50447,-4555.43700355,2.85535605608,,,,,
4002,50448,203312.332319,10.1617944688,,,,,
4003,50449,199100.224962,11.9567017593,,,,,
4004,50451,97915.567333,13.7654536446,,,,,
4005,50452,-51232.7670356,4.62614774473,1.0,127.424687,0.00784777285739,6198.12,9.06157894737
4011,50453,77658.1349126,6.20277066155,,,,,
4012,50454,-68693.467207,90.5869113517,,,,,
4013,50455,-261453.307927,17.7354118803,,,,,
4014,50456,276522.35729,13.2285333672,1.0,120.430473,0.00830354622953,22051.4,12.6951065055
4024,50457,110538.236503,10.7686719528,,,,,
4025,50458,261794.5535,13.4529234778,1.0,190.798489,0.00524113165278,47176.25,13.8409281611
4036,50459,398508.165092,12.784548042,2.0,375.483499,0.00532646575769,283514.88,11.2801875397
4060,50461,848298.098303,13.556050089,2.0,446.474922,0.00447953491103,303706.92,11.4377112746
4084,50464,53068.1256106,10.5568609918,,,,,
4085,50465,193116.641172,11.2319660575,,,,,
4086,50466,51591.1363133,7.52226985051,1.0,354.341172,0.00282213888484,25681.59,11.7027067669
4097,50468,35796.045348,13.2152757642,,,,,
4098,50469,-17440.9622362,-25.0700745513,1.0,227.879604,0.00438828215622,92652.96,12.1904731831
4110,50471,155173.455399,29.001717965,,,,,
4111,50472,143810.248309,14.3845459955,2.0,316.41701,0.00632077270435,150380.76,11.8601490595
4129,50473,-226213.879183,14.7450302621,,,,,
4130,50475,147363.708508,14.8066143491,1.0,231.102519,0.00432708394667,25275.78,11.5572839506
4139,50476,58615.3415604,12.0563579886,,,,,
4140,50477,-116430.822967,18.3419461375,,,,,
4141,50478,202251.14991,12.9021642391,,,,,
4142,50479,82022.8716077,1210.69443154,,,,,
4143,50482,270341.002688,20.9662653551,,,,,
4144,50483,-85049.3788448,12.5925656864,1.0,198.210428,0.00504514323535,278922.12,13.7302391796
4156,50484,-7931.3932844,4.22577051344,,,,,
4157,50501,2944643.35382,12.7285281095,15.0,407.21578,0.0368355077006,2961110.86,12.1759572541
4320,50511,581742.108036,12.3437293042,3.0,321.723723,0.0093247708687,1374870.36,12.5346020458
4356,50514,116620.608735,12.5107516286,1.0,287.766282,0.00347504229144,21164.4,10.8535384615
4366,50515,-46530.8727481,10.4879095626,,,,,
4367,50516,248824.135858,15.3519728757,,,,,
4368,50517,33900.59577,8.63278085404,1.0,198.110964,0.00504767621039,393926.4,14.1339981142
4380,50518,53731.9119621,19.2889244345,,,,,
4381,50519,-108891.546029,9.60583077694,,,,,
4382,50521,-235325.656577,7.12301825119,,,,,
4383,50522,-39415.0788713,13.9735068968,,,,,
4384,50523,129998.278138,16.4204107924,,,,,
4385,50524,-31044.0615394,17.478056208,,,,,
4386,50525,139627.676517,10.2302966567,3.0,363.773781,0.00824688352127,142722.17,12.1796860399
4416,50527,-127388.580287,12.5747521331,,,,,
4417,50528,17053.3974967,25.1990658966,,,,,
4418,50529,363869.655518,12.2873274609,1.0,1.445412,0.691844263089,15783.36,9.85967016492
4426,50531,-41573.2453651,38.1991437671,,,,,
4427,50532,56818.3343879,8.7018041636,,,,,
4428,50533,295379.613167,11.6569226753,2.0,258.50312,0.00773685052621,404737.68,11.3566584733
4452,50535,28087.3043787,21.8668552156,1.0,158.492375,0.00630945179539,19580.64,11.9452415813
4460,50536,454611.055239,12.3068757675,6.0,370.232494,0.0162060329583,535085.85,13.1602327143
4518,50538,-14791.1384809,28.3315337364,,,,,
4519,50539,-130966.481094,9.51354414585,,,,,
4520,50541,-2462.76665077,-35.5736148379,1.0,237.749663,0.00420610480529,13273.2,8.93818181818
4529,50542,143885.75024,13.2476482271,1.0,172.884137,0.00578422067723,5131.2,12.2171428571
4534,50543,75804.2188704,102.118185859,2.0,212.824794,0.0093974013197,114750.96,14.1609634558
4549,50544,-176042.38135,10.2615328833,,,,,
4550,50545,-31273.5145889,3.67660034682,,,,,
4551,50546,-235093.23207,15.2236579989,,,,,
4552,50548,713236.013422,13.3051036188,2.0,323.465219,0.00618304498451,555671.76,13.5120250247
4576,50551,-272947.916384,12.4798738708,,,,,
4577,50554,167906.7046,15.4875487779,2.0,232.762069,0.00859246529554,123808.08,9.78531255631
4595,50556,-39947.7117681,6.06412801567,,,,,
4596,50557,268913.027952,12.7413852443,,,,,
4597,50558,-146096.056146,12.9284561982,,,,,
4598,50559,-26561.2548288,5.53910233853,,,,,
4599,50561,31343.3430511,-8.20613595833,,,,,
4600,50562,-122003.681134,14.9788194719,,,,,
4601,50563,242434.369049,15.0714057223,3.0,253.318021,0.0118428210838,122421.09,13.4995219743
4626,50565,-18206.2738314,7.1921975983,,,,,
4627,50566,-18621.1384126,3.27399011314,,,,,
4628,50567,90353.8195911,270.951939447,,,,,
4629,50568,250429.61664,17.1946117036,,,,,
4630,50569,253605.157308,10.200647347,1.0,54.889709,0.018218351276,14880.48,12.039223301
4638,50571,-215432.89919,16.3555472876,,,,,
4639,50573,-206261.545063,16.5220037793,,,,,
4640,50574,201442.169692,19.7447563328,1.0,288.134473,0.00347060172838,258333.24,10.7863205467
4652,50575,101386.14186,61.9241334445,,,,,
4653,50576,5752.43173097,-1.94613398508,,,,,
4654,50577,-10127.2980968,1.90665105015,,,,,
4655,50578,31889.4545403,445.72649227,,,,,
4656,50579,98700.9710221,24.9659371341,3.0,359.119951,0.00835375475978,50626.5,9.61928702532
4681,50581,-28155.8561614,8.58428711757,1.0,246.722485,0.00405313686752,14097.06,12.1186847195
4690,50582,-142276.33739,16.0842165002,,,,,
4691,50583,416426.302768,13.1718390346,2.0,306.359541,0.00652827717874,364711.68,11.8684624667
4715,50585,142394.460498,13.2155661033,2.0,165.291906,0.0120998060244,93110.52,11.5298007341
4732,50586,82725.8399934,12.135843152,,,,,
4733,50588,1160588.59099,12.9517623726,10.0,368.993698,0.0271007338451,1939427.94,14.9601402163
4827,50591,-19542.9280577,3.76281341623,,,,,
4828,50593,15976.9734063,3.51671444024,,,,,
4829,50594,43131.4049217,9.1828615025,,,,,
4830,50595,1168960.30745,13.2711870286,5.0,399.609138,0.0125122263846,841035.08,12.3828949441
4888,50597,-50756.0854276,12.7284826576,1.0,214.240511,0.00466765130149,128172.84,10.2217065095
4900,50598,146809.610584,18.6547586774,,,,,
4901,50599,-6466.28909562,-1.59151834953,,,,,
4902,50601,82041.0500461,9.46418271974,2.0,368.01212,0.00543460362121,67971.32,11.6384065093
4925,50602,181220.398471,12.4285878677,3.0,207.455662,0.0144609212931,97468.2,9.91861033093
4957,50603,94099.2138524,8.4140149751,,,,,
4958,50604,270504.009806,14.3827651937,,,,,
4959,50605,-189357.381343,25.8854947813,,,,,
4960,50606,113399.095041,19.5782660044,1.0,184.315162,0.00542548962955,24856.37,9.81952894142
4971,50607,270194.238553,17.9206137239,,,,,
4972,50609,149650.918094,15.4557160797,,,,,
4973,50611,163056.545736,7.64709053411,,,,,
4974,50612,89871.8262788,-11.5514328324,,,,,
4975,50613,3949671.69827,13.8800804632,16.0,329.972902,0.0484888301525,4421267.86,13.8745025754
5160,50616,533177.719044,11.6553715847,5.0,448.105088,0.011158096915,1109007.04,12.7892855759
5204,50619,276496.852534,11.5276724508,2.0,230.86623,0.00866302533723,56410.01,12.45930682
5224,50621,283077.318011,16.9289389671,2.0,165.399151,0.0120919604962,56301.9,11.6529443906
5246,50622,177334.463859,20.6140477893,2.0,64.857976,0.0308366082839,118354.76,10.8367601817
5260,50624,109027.651844,18.2341435575,,,,,
5261,50625,-18758.3521202,11.4573816956,,,,,
5262,50626,11642.6761124,4.83769844221,,,,,
5263,50627,-123814.189179,-144.10149683,3.0,277.223505,0.0108215932123,272238.69,11.5139880148
5296,50628,-61903.1236258,40.7139681335,1.0,289.356789,0.00345594103202,81807.22,13.6974307026
5307,50629,219269.849846,13.4681413376,1.0,205.328666,0.00487024057323,51536.52,11.2944378698
5319,50632,70720.6691599,11.4171507289,,,,,
5321,50633,-142989.762525,15.2555044078,,,,,
5322,50634,197639.690063,12.7977695848,,,,,
5323,50635,123220.981347,13.5562460032,1.0,217.592812,0.00459574004678,35348.17,11.5488589398
5334,50636,24101.4293957,-52.5792774766,1.0,313.519052,0.0031895988254,47269.92,11.1081157295
5346,50638,484531.73443,14.3865549233,4.0,245.826479,0.0162716401271,229223.23,11.9198058288
5382,50641,263018.461813,14.8787849126,1.0,123.019787,0.00812877362566,37078.58,13.3814211989
5393,50642,-94338.7008581,18.2725298689,,,,,
5394,50643,57944.6086846,17.9119474118,2.0,163.108458,0.0122617798275,38841.29,13.2309896002
5404,50644,278610.680556,8.73616830898,4.0,372.595201,0.0107355113251,1142757.24,12.7670447766
5452,50645,212171.388893,13.3600765687,,,,,
5453,50647,224126.396271,11.4609957897,1.0,79.06534,0.0126477670241,206289.72,14.3011247359
5465,50648,6788.42129032,1.11628050076,1.0,223.212718,0.00448003146487,90247.2,12.2635140644
5477,50651,359367.153143,13.917243586,1.0,294.627077,0.00339412117237,140857.92,12.3047958488
5489,50652,115067.260802,11.5147891917,,,,,
5490,50653,-9895.03642174,-2.21549731793,,,,,
5491,50654,201548.850295,14.5973473027,,,,,
5492,50655,203362.38166,19.0602811307,,,,,
5493,50658,245250.098114,13.4591773376,1.0,187.097603,0.00534480390965,58550.88,12.6552716898
5505,50659,503528.466206,11.4681870112,2.0,403.802766,0.00495291307638,251743.2,10.6181512656
5529,50662,915584.110148,13.736934868,5.0,176.049517,0.0284011003563,866647.52,12.7299897766
5571,50665,421373.558034,14.6728306463,1.0,253.290828,0.00394803083829,87067.8,11.094266055
5583,50666,201802.967247,9.66813280103,,,,,
5584,50667,-27349.8696985,-6.9956790668,1.0,5.217793,0.191651911067,66282.04,16.0013808854
5595,50668,101260.597804,10.1975828991,,,,,
5596,50669,164132.197195,15.3368288452,1.0,239.750053,0.00417101054822,29491.02,11.7447311828
5605,50671,-197626.919762,20.813043735,,,,,
5606,50672,107080.056889,32.4892674503,,,,,
5607,50673,-19617.4750417,-7.19836728412,,,,,
5608,50674,64046.8774369,6.62202181716,1.0,408.690075,0.00244684190092,108274.32,13.1618747538
5620,50675,484707.370406,13.4189510147,2.0,287.237436,0.00696288070194,112497.72,11.9966344759
5642,50676,18251.7169164,3.14969463563,1.0,148.867149,0.00671739874591,199040.4,11.3337387597
5654,50677,744437.325487,12.8885323654,5.0,325.186841,0.015375775922,1565152.74,12.9050618195
5709,50681,-12047.7796433,-5.88619629928,,,,,
5710,50682,56347.8679837,15.9866957381,2.0,220.98261,0.00905048591833,53649.04,14.4072614971
5731,50701,2758775.25124,14.3981918388,14.0,214.718743,0.0652015739492,2483492.66,14.4494194062
5852,50702,2831205.16787,14.3241344856,16.0,25.60849,0.624792793328,2834825.22,14.5673798014
6016,50703,2909545.78819,17.0266992523,16.0,244.724015,0.0653797707593,3308874.47,16.866212575
6180,50707,1315002.46364,14.2591697018,6.0,25.361881,0.236575512676,556021.8,13.6769709747
6249,50801,779491.242422,13.60926307,5.0,545.028688,0.00917382902971,1056698.82,14.0669960906
6305,50833,146131.414249,18.5038862742,1.0,536.325319,0.00186453998082,73566.12,13.1477009522
6317,50835,-237716.557219,15.2158106202,,,,,
6318,50836,41089.3436751,7.78834453727,,,,,
6319,50837,69767.9773923,20.275678924,,,,,
6320,50841,384858.851493,12.8506067232,1.0,610.836196,0.001637100104,122941.68,12.4594298779
6332,50843,-17101.8929032,6.37933952092,,,,,
6333,50845,82675.6713928,40.6355589816,,,,,
6334,50846,156817.732414,10.6653188567,1.0,238.867152,0.00418642744148,77941.08,13.5103276131
6346,50847,279110.587871,15.4768740052,,,,,
6347,50848,-115276.338596,14.182238104,,,,,
6348,50849,333913.492328,10.6957791486,3.0,304.431532,0.00985443255595,142461.78,12.2882324781
6371,50851,194442.232752,13.0632658506,2.0,335.214398,0.00596633083762,39376.2,13.0861415753
6383,50853,130124.412783,19.2119061221,,,,,
6384,50854,352111.046276,13.4701866921,3.0,350.941226,0.00854843996014,172702.68,11.6237047208
6412,50857,-171601.559154,10.7563477605,,,,,
6413,50858,110886.291048,14.8234489533,,,,,
6414,50859,-51325.6215323,-69.5326772618,,,,,
6415,50861,-40932.9473582,-108.733787554,,,,,
6416,50862,-216730.166835,10.5692204342,,,,,
6417,50863,15533.1082777,-27.4682611054,,,,,
6418,50864,192290.563145,13.9418685691,1.0,377.642994,0.0026480035798,6123.0,12.4831804281
6424,51001,254085.851343,15.5963094252,1.0,360.862327,0.00277113992007,51783.48,12.567097676
6436,51002,182868.947629,19.5302988527,1.0,297.148464,0.00336532111436,10388.16,12.0862827225
6442,51003,295671.6311,15.9650658811,,,,,
6443,51004,183429.604621,20.0279459657,1.0,212.848541,0.00469817643711,113425.32,12.2765835855
6455,51005,380495.229028,15.8757901377,1.0,244.17026,0.00409550286755,10519.74,10.7729032258
6462,51006,-150164.46276,13.587109841,,,,,
6463,51007,287395.936933,10.8936421918,,,,,
6464,51008,-60290.2114383,2228.43726551,,,,,
6465,51011,256658.168317,12.2272732359,,,,,
6466,51012,463222.443846,11.8197505914,5.0,386.838104,0.0129253037596,699747.96,12.6412437972
6515,51014,60780.1272071,8.34677199371,,,,,
6516,51016,232888.013389,13.7543905111,,,,,
6517,51018,42079.7059839,-16.1794624505,,,,,
6518,51019,71577.7682086,9.57877539911,,,,,
6519,51022,-9095.77536805,-1.39696645627,,,,,
6520,51023,197934.222148,13.6846150042,1.0,271.44549,0.00368398089797,162008.16,12.7096324748
6532,51024,188010.195679,15.622741071,,,,,
6533,51025,311528.759044,14.5447235964,1.0,278.402985,0.00359191551053,285076.8,14.8756418284
6545,51026,86918.1979368,107.051695527,,,,,
6546,51027,194046.816638,20.9331237391,1.0,239.835719,0.00416952072097,29264.52,16.7608934708
6558,51028,364136.552744,16.3855121447,1.0,328.930974,0.00304015151823,51538.32,11.4300998004
6570,51029,-89852.8654513,7.95763773333,,,,,
6571,51031,1141675.4002,12.9446641403,4.0,605.111843,0.00661034822946,1423222.08,13.7939751736
6619,51033,-33027.3839781,4.1131652611,,,,,
6620,51034,84934.042635,14.1753877591,1.0,290.876284,0.00343788770349,273912.48,12.6996183334
6632,51035,166861.624531,18.7839190872,1.0,278.97681,0.00358452733043,48244.68,11.6786928105
6644,51036,-45565.916977,-11.3646493804,,,,,
6645,51037,251682.051907,10.4179519243,,,,,
6646,51038,126825.032116,15.3677623478,1.0,233.828323,0.00427664188482,1595.88,13.9074509804
6649,51039,527584.850928,14.3065666978,,,,,
6650,51041,910060.09997,13.3391039544,2.0,184.491043,0.010840634686,539026.89,12.0226346591
6671,51044,250530.811536,10.0160079532,,,,,
6672,51046,234617.761705,16.0279012448,2.0,240.918039,0.00830157844677,100358.57,11.0966771414
6695,51047,173755.133857,20.3568998382,,,,,
6696,51048,184551.219457,14.9120400126,,,,,
6697,51049,75722.8521652,16.2431720817,,,,,
6698,51051,323314.605036,12.1908326221,,,,,
6699,51052,206124.131973,17.5944129413,,,,,
6700,51053,203352.408002,14.5392373546,1.0,195.513267,0.00511474241797,5281.85,11.6404407713
6705,51054,509654.095405,13.2209872921,2.0,106.329025,0.0188095395401,280187.04,13.6223147921
6729,51055,230131.980305,13.7409652435,1.0,174.692448,0.00572434590876,111736.32,13.8526860764
6741,51056,8913.45107094,1.61447148153,,,,,
6742,51058,40372.6925164,11.6623995728,1.0,214.786027,0.0046557963475,31935.0,13.30625
6752,51061,-52030.2968763,7.2164213308,,,,,
6753,51062,126482.922704,11.155585074,,,,,
6754,51063,179796.161344,19.6986688018,,,,,
6755,51101,690536.571055,14.9284193992,5.0,3.138764,1.592983735,637098.87,17.4328077761
6799,51103,370732.580645,20.6937729262,4.0,27.86321,0.14355847729,412343.69,16.6273047628
6845,51104,1055966.27691,13.9569852938,5.0,20.00953,0.249880931736,262630.44,14.2888471771
6900,51105,639140.615765,13.88197986,3.0,15.825592,0.189566368197,1225747.8,13.8483986556
6936,51106,2115528.21589,13.5578475989,12.0,81.702782,0.146873823709,2212881.05,14.2872779833
7069,51108,740233.514593,15.1850112135,3.0,116.455967,0.0257608096629,890409.13,12.6792561295
7104,51109,430417.683791,13.7828092624,2.0,49.159557,0.0406838491242,137848.04,12.7121525664
7124,51111,-112998.131354,-19.2403923873,,,,,
7125,51201,827016.759345,12.3570589388,3.0,295.817592,0.0101413846949,1183245.52,13.0540189651
7159,51231,-109046.393423,-113.202471936,,,,,
7160,51232,-8294.91361206,-1.27836402854,,,,,
7161,51234,216397.483585,11.0180387737,,,,,
7162,51235,240573.031316,10.1218205733,,,,,
7163,51237,373878.431298,16.4474795235,1.0,249.759921,0.00400384495637,50770.44,14.963818349
7175,51238,132710.453023,10.4021205965,1.0,118.831336,0.00841528870802,16123.6,12.5074469405
7183,51239,186951.969464,12.6042732915,,,,,
7184,51241,145065.228608,10.120703816,3.0,232.767886,0.0128883758475,290439.12,14.3447977478
7220,51242,399770.726115,11.15408978,,,,,
7221,51243,-7058.57573415,-8.04571737373,,,,,
7222,51244,-111877.928909,-18.5339672309,,,,,
7223,51245,36503.2235349,-15.425960429,1.0,203.413241,0.00491610081568,103158.12,14.799879487
7235,51246,410012.051532,13.8131924705,2.0,424.515402,0.00471125426917,431814.24,13.4362344437
7259,51247,560159.913219,12.7665057057,1.0,289.650577,0.00345243572568,114493.68,12.6389455557
7271,51248,148805.266751,13.0636400506,1.0,214.49695,0.00466207095252,78015.48,12.0122870552
7283,51249,300484.744841,13.7787028931,2.0,324.74321,0.00615871229455,293480.4,13.4727616277
7307,51301,1410619.14236,12.1430727556,7.0,406.942409,0.0172014512255,1718452.5,12.0928498987
7376,51331,250554.131353,12.9790705354,3.0,7.12251,0.421199829835,467415.47,14.7023954927
7407,51333,-70426.1294384,72.3393565419,,,,,
7408,51334,556867.93223,11.406820895,3.0,491.781068,0.00610027549902,666660.45,12.1763086884
7443,51338,168246.250653,15.1593176337,1.0,189.29993,0.00528262213304,2294.04,10.1957333333
7447,51341,706242.817268,11.5228901466,,,,,
7448,51342,274893.902966,14.2490352209,1.0,214.231634,0.00466784471242,63328.32,11.6049697636
7460,51343,-13489.2860945,17.5483705323,,,,,
7461,51345,29342.4022342,7.4297413001,,,,,
7462,51346,350544.104603,13.530860936,2.0,377.358581,0.00529999872986,200990.64,10.8987636648
7486,51347,340316.593316,13.913633536,2.0,223.92845,0.00893142430093,16145.52,11.9596444444
7494,51351,155667.200369,11.1744759667,2.0,278.931975,0.00717020700119,9382.92,11.661595824
7512,51354,-18517.12451,7.44169194388,,,,,
7513,51355,620749.082898,20.2628816614,1.0,11.052693,0.0904756876899,27996.9,17.2959164762
7523,51357,61030.6653967,7.56916372747,,,,,
7524,51358,322476.229251,16.5184694134,1.0,202.954357,0.00492721622133,35056.68,10.7999630314
7536,51363,-193633.969208,15.772980275,,,,,
7537,51364,102651.622587,9.44581165484,,,,,
7538,51365,68232.5829217,41.5580878297,,,,,
7539,51366,13787.2797158,-3.16298941081,,,,,
7540,51401,1047311.94207,12.1022538159,6.0,454.121,0.0132123376809,649086.12,11.0576098289
7598,51431,-9095.04827678,4.35046061366,,,,,
7599,51433,71856.5158289,6.96469209792,,,,,
7600,51436,206972.747806,16.4062887878,,,,,
7601,51439,29725.9086141,11.2035435398,,,,,
7602,51441,97811.2390417,6.26970508536,,,,,
7603,51442,469483.581702,13.2986813306,5.0,448.677639,0.01114385823,1265441.85,11.9230581152
7650,51443,69627.5074406,10.4080998463,2.0,276.442701,0.00723477231544,34105.69,15.0147436913
7662,51444,176178.515983,9.59717213786,,,,,
7663,51445,239855.946257,14.8811649748,3.0,327.873042,0.00914988308188,374376.64,11.6108461498
7692,51446,180987.746572,19.8976014872,,,,,
7693,51447,-98546.4084638,75.5371115996,,,,,
7694,51448,24933.6713068,23.2789640212,,,,,
7695,51449,245397.947439,14.1127342205,1.0,232.944822,0.00429286210964,118575.96,11.118233474
7707,51451,69838.5652883,21.3705878857,,,,,
7708,51453,-37204.3585026,4.9894644533,1.0,223.339647,0.00447748536112,139.5,15.5
7709,51454,65039.3141553,9.34716958388,,,,,
7710,51455,131258.898514,11.5377575113,1.0,287.004925,0.00348426076661,135168.0,13.8924518994
7722,51458,-101947.52442,7.94661105257,,,,,
7723,51459,-530580.763139,11.5223916164,,,,,
7724,51461,40462.6859938,7.17001025585,1.0,130.196128,0.00768071996734,119019.48,14.2657892844
7736,51462,141679.590851,18.9831268587,1.0,281.553969,0.00355171693566,10964.8,12.4826958106
7744,51463,112194.27582,15.5259451289,,,,,
7745,51465,-3805.38921272,-0.801863710169,,,,,
7746,51466,177260.173703,12.8565193124,1.0,134.548626,0.00743225724208,13701.12,16.5472463768
7754,51467,134974.789231,14.2369270839,,,,,
7755,51501,3060663.58303,14.3976024598,26.0,68.663347,0.378659082844,3210879.14,14.8068074219
8007,51503,2220286.01905,13.1489882882,15.0,311.311378,0.048183269421,2427395.66,13.0209797787
8157,51521,350648.274963,13.2828098932,2.0,223.26416,0.00895799845349,423056.28,14.5143147685
8181,51523,17847.6585006,-3.36208076707,,,,,
8182,51525,361070.079371,12.6166325836,,,,,
8183,51526,105056.770927,9.57465689534,1.0,111.333068,0.00898205733448,14769.93,14.6384764812
8190,51527,38988.5679105,29.370609852,,,,,
8191,51528,55500.1393162,8.86659944214,,,,,
8192,51529,205734.887773,16.3774855257,1.0,333.953737,0.00299442674001,182603.88,14.8763222211
8204,51531,-95242.4991451,9.44454006765,,,,,
8205,51532,62267.0573983,13.2497819557,,,,,
8206,51533,103785.625848,17.9396260454,,,,,
8207,51534,659582.719768,13.149063866,4.0,260.80305,0.0153372439471,359065.8,11.9865281425
8253,51535,294756.35901,16.4576490679,1.0,337.126792,0.00296624303891,841.62,12.1973913043
8255,51536,185342.033532,17.3409598203,,,,,
8256,51537,648173.186216,13.3208595257,4.0,422.332929,0.00947120085917,1100760.06,11.8619964827
8301,51541,-192792.785201,12.6276523839,,,,,
8302,51542,390669.612739,14.0299758399,,,,,
8303,51543,145973.14248,12.6367883592,,,,,
8304,51544,69782.6649899,9.63350619669,,,,,
8305,51545,-61136.4729315,21.1711194144,,,,,
8306,51546,294034.045948,13.112501891,2.0,293.310022,0.00681872370525,80725.17,10.7046942754
8323,51548,286605.508858,17.408134183,,,,,
8324,51549,293144.882367,17.2519297241,,,,,
8325,51551,300297.219675,14.2443759784,1.0,210.796119,0.00474392035652,20802.96,11.3305882353
8334,51552,28109.3264721,2.68868088347,,,,,
8335,51553,310499.334618,12.5978176329,1.0,118.587348,0.00843260277648,1146.42,21.8448932927
8337,51554,270018.376958,14.924262192,,,,,
8338,51555,352464.192802,12.3235545942,3.0,410.136654,0.00731463518498,275212.68,13.0669612928
8366,51556,238518.420509,11.9055423819,,,,,
8367,51557,153881.197529,14.8088525558,,,,,
8368,51558,206599.696087,16.3279368638,,,,,
8369,51559,183668.806656,12.0591260663,1.0,220.723262,0.00453056008206,43397.86,12.5978222691
8380,51561,265370.360505,12.9399386242,1.0,159.38428,0.00627414447648,107565.72,13.5782386088
8392,51562,282173.343598,12.199798115,,,,,
8393,51563,70656.7092007,8.56947245784,,,,,
8394,51564,150880.76386,12.6632835048,,,,,
8395,51565,257864.066588,13.7895532882,,,,,
8396,51566,703757.700914,12.2135293098,4.0,457.891547,0.00873569303956,775686.42,12.7046949395
8441,51571,237328.179383,12.7242408573,,,,,
8442,51572,90678.2254956,28.9609134231,,,,,
8443,51573,109109.098427,14.4991360781,,,,,
8444,51575,39060.9451185,52.1396834746,1.0,126.569658,0.00790078772276,14042.16,15.0511919053
8452,51576,299943.082398,13.2624234865,,,,,
8453,51577,115547.921602,13.2983998146,1.0,206.979038,0.00483140713022,43951.16,14.3880446525
8464,51578,-67720.4692457,8.59451014889,,,,,
8465,51579,305567.72598,14.460616243,1.0,301.420886,0.00331762013333,77336.4,14.3470614426
8477,51601,485670.740338,13.2288590938,5.0,276.34259,0.0180934831652,785887.14,13.4844692713
8528,51631,26577.7372711,4.99650052741,,,,,
8529,51632,484851.365594,12.7297763787,4.0,540.669979,0.00739822841172,651012.12,14.3057955193
8577,51636,-19322.1439374,-12.1791791055,,,,,
8578,51637,-182436.568542,10.599442658,,,,,
8579,51638,234020.118789,14.8007007281,,,,,
8580,51639,91676.4994206,27.1831134473,,,,,
8581,51645,-197310.0844,7.87717308448,,,,,
8582,51646,137250.478179,10.2255272996,,,,,
8583,51647,153196.539361,13.6124311055,,,,,
8584,51648,81792.6960614,8.93024233267,,,,,
8585,51649,-148755.757455,16.463498128,,,,,
8586,51652,-34978.2365558,14.3393205414,,,,,
8587,51653,245850.665563,14.5318583701,,,,,
8588,51654,-43863.1554898,8.61486935927,,,,,
8589,52001,3645284.13105,13.2187229397,18.0,75.057763,0.239815300651,2932690.24,12.8027154228
8763,52002,929447.517475,13.1178160068,5.0,74.76947,0.06687221402,1249261.82,12.1722850434
8818,52003,1248776.6377,14.8291058795,7.0,151.954104,0.0460665412499,949727.68,14.0954909398
8882,52031,334106.201397,11.9420539312,3.0,448.070077,0.00669538126734,264528.9,12.9989312066
8911,52032,-278214.098538,20.525821037,,,,,
8912,52033,398752.15613,12.5027625448,2.0,252.635822,0.00791653370518,173547.48,11.777588664
8927,52035,-20183.2824248,-6.15900565218,,,,,
8928,52037,49228.4318553,7.80182731986,1.0,176.775293,0.00565689912334,15542.4,13.2046489499
8936,52038,255599.321441,11.8173642947,,,,,
8937,52039,67959.361303,-8.60432396072,,,,,
8938,52041,97572.6488112,10.4856592722,,,,,
8939,52042,29145.8950186,6.03565544754,1.0,161.463192,0.00619336201405,58969.44,11.8270036101
8951,52043,469802.10521,14.0145852956,2.0,258.435335,0.00773887982462,84747.08,10.5323500316
8971,52044,-9007.34749903,5.34910035453,,,,,
8972,52045,252629.527353,13.6518830965,,,,,
8973,52046,255902.069512,11.3800998634,1.0,119.196635,0.00838949857939,20304.0,9.8802919708
8983,52047,156778.195853,9.70895991044,,,,,
8984,52048,161123.503499,12.0694731712,,,,,
8985,52049,14277.3610466,19.1933130456,,,,,
8986,52052,322084.86789,12.5252342981,4.0,249.00035,0.0160642344479,309852.3,14.19010524
9025,52053,-9126.037083,-3.22078467704,2.0,154.540299,0.012941608195,37551.23,12.4848242041
9037,52054,187382.415691,11.0649198845,,,,,
9038,52057,322676.304079,10.1781819856,3.0,362.350079,0.00827928617617,915973.92,13.122534727
9074,52064,221122.525297,15.0976154452,,,,,
9075,52065,131884.461315,11.3885830866,,,,,
9076,52066,315664.384195,13.3459858441,,,,,
9077,52068,530513.103533,14.2437585241,2.0,120.418986,0.0166086766417,40634.05,14.2828696462
9092,52069,254395.182602,12.1859288389,,,,,
9093,52072,503718.195818,11.1634732048,,,,,
9094,52073,26427.42002,5.34910685619,,,,,
9095,52074,454966.859156,11.2052406028,,,,,
9096,52076,61472.5866365,6.40872333389,2.0,252.900986,0.00790823330361,51249.72,10.6338250856
9111,52077,188753.062842,28.1852786952,,,,,
9112,52078,-127266.293522,20.1043952792,,,,,
9113,52079,38914.9022568,8.44293090247,1.0,153.776141,0.00650295938952,50582.51,12.3367763052
9124,52101,1310295.0453,12.0901973391,4.0,804.622162,0.00497127743792,1297119.96,13.2593897851
9172,52132,246874.923712,13.7470441198,,,,,
9173,52133,156343.29684,17.5245106621,,,,,
9174,52134,-164987.284859,10.896963179,,,,,
9175,52135,376099.311885,14.2918012656,,,,,
9176,52136,726803.432197,13.0123859525,2.0,552.444562,0.00362027276141,921447.84,11.6421156368
9200,52141,363116.655841,15.6742249467,,,,,
9201,52142,829847.023136,14.0557181013,1.0,189.331878,0.0052817307395,126403.92,13.5804293173
9213,52144,114248.485939,19.0434638756,1.0,194.119174,0.0051514746297,131665.32,12.83512897
9225,52146,-198971.634906,19.2603685769,1.0,221.678469,0.00451103801154,32217.1,14.4562056897
9235,52147,160244.387454,13.4483033788,,,,,
9236,52151,-6760.93930379,-6.46808976659,1.0,324.670969,0.00308004132023,96726.96,10.7639447152
9248,52154,-145235.233236,11.8748258406,1.0,189.966484,0.00526408647959,88540.4,16.6273051643
9258,52155,192444.590033,15.2344158657,,,,,
9259,52156,235679.396456,12.7543896322,,,,,
9260,52157,318453.101386,13.8058196791,,,,,
9261,52158,402263.630052,14.2737348379,,,,,
9262,52159,378996.423574,13.8191745104,2.0,197.141302,0.0101450075642,214949.04,14.2860492567
9286,52161,119477.899366,8.68651276017,,,,,
9287,52162,330436.163945,14.0648289177,1.0,258.921418,0.00386217566598,32156.63,10.676880935
9298,52163,264817.895561,12.9419121383,,,,,
9299,52164,-114036.98638,11.7979348109,,,,,
9300,52165,319520.621232,11.5506556662,,,,,
9301,52166,224262.837403,30.2856882798,1.0,0.493739,2.02536157768,81725.04,17.2743690552
9313,52168,487518.7018,12.1004845165,,,,,
9314,52169,161772.795612,15.2412646131,,,,,
9315,52171,-79777.9301233,15.3840784529,,,,,
9317,52172,732332.790678,13.9130157541,3.0,409.930314,0.00731831703473,788554.2,13.0247223125
9353,52175,292751.422458,12.0628189628,3.0,224.708583,0.0133506248847,240836.51,10.5591377719
9371,52201,392268.47242,13.3547355685,,,,,
9372,52202,54870.4650489,6.88408267749,,,,,
9373,52203,605451.748917,15.0653251937,,,,,
9374,52205,381357.766757,11.3132109544,2.0,309.946308,0.00645273051615,680007.92,12.0006303787
9397,52206,459406.292569,12.4770708879,,,,,
9398,52207,159019.061664,12.2791531541,1.0,102.173612,0.00978726287958,22050.9,11.8013914905
9408,52208,240990.547759,10.580364447,3.0,150.72943,0.0199032133274,320660.57,11.9128147421
9433,52209,201098.243626,9.21243499479,,,,,
9434,52211,89761.8233541,8.45002670482,2.0,236.939306,0.00844098023989,124693.26,12.603681242
9451,52212,-4157.12824358,-1.18914494268,,,,,
9452,52213,383219.083692,11.9627355497,1.0,194.486805,0.00514173699342,97212.96,10.3297162894
9464,52214,309537.185819,11.1580255669,1.0,247.622502,0.00403840520116,94877.64,11.1374418932
9476,52215,-62808.1527877,-133.818459695,,,,,
9477,52216,121656.548221,10.964658098,,,,,
9478,52217,79338.5122805,17.8077472487,,,,,
9479,52218,58948.1785669,5.6957460348,,,,,
9480,52219,157164.053654,8.94062235834,,,,,
9481,52221,246013.822333,11.5739295144,,,,,
9482,52222,66143.2039649,6.67484818869,,,,,
9483,52223,-2756.88279101,-0.810130928785,1.0,127.619807,0.00783577426974,674.73,29.2090909091
9486,52224,297089.812956,13.9308142395,1.0,256.593612,0.00389721315432,46479.6,12.596097561
9498,52225,-81345.2070567,-67.3554969323,,,,,
9499,52227,356385.071223,13.0813146415,1.0,76.013553,0.0131555487217,41406.4,12.9172983934
9509,52228,379197.347857,13.8592882421,1.0,96.928032,0.0103169328765,26350.48,12.9550049164
9517,52229,105992.466986,10.9853794682,,,,,
9518,52231,-23999.8307521,76.764207216,,,,,
9519,52232,16491.6732861,3.22569136782,,,,,
9520,52233,1530867.07043,14.2648310259,3.0,9.080084,0.330393419268,351150.12,13.966185258
9556,52235,143063.46694,32.5126920995,,,,,
9557,52236,65176.102811,7.33284202674,,,,,
9558,52237,316964.570305,11.725965107,,,,,
9559,52241,1592664.8499,15.3709370314,13.0,30.871305,0.421103027553,1687387.48,15.6071501145
9680,52242,2998058.91422,15.7039399889,,,,,
9681,52245,1780460.98611,16.550087117,2.0,21.712859,0.0921113152349,602416.85,16.2062213578
9694,52246,999647.140415,15.9015819277,4.0,23.832009,0.167841494185,811368.48,14.3738552199
9790,52247,818022.051188,14.6727790512,,,,,
9791,52248,113299.322298,13.6832763442,1.0,295.236835,0.00338711123224,20548.5,11.513054684
9801,52249,119127.343995,13.8512172105,,,,,
9802,52251,209691.818412,10.6379567512,,,,,
9803,52253,735057.435673,13.9801200781,1.0,121.480006,0.0082318072984,107001.24,12.0399270861
9815,52254,268483.417675,11.6903129994,1.0,146.759383,0.00681387438103,25550.5,15.0058730252
9825,52255,228465.45485,13.1482461651,,,,,
9826,52257,-220411.200548,22.7681643262,,,,,
9827,52301,304413.165906,10.0743274583,1.0,316.484635,0.00315971105517,375884.16,11.795774807
9839,52302,2098885.47588,13.4719567077,10.0,192.237746,0.0520189203633,1347655.78,12.5720960649
9946,52305,6926.34198214,1.433611928,,,,,
9947,52306,320559.082117,12.8652359051,1.0,194.245557,0.00514812289889,39078.0,13.9703989704
9959,52307,701557.415938,15.7999329631,,,,,
9960,52308,376325.899251,15.6443594393,,,,,
9961,52309,53230.917578,14.4187808655,,,,,
9962,52312,250003.566058,11.6996404191,,,,,
9963,52313,-191653.536732,17.5305528399,,,,,
9964,52314,617019.805349,14.3884279632,3.0,155.658054,0.0192730149382,170943.24,12.841047907
9988,52315,212785.045556,13.1379366522,,,,,
9989,52316,287732.191961,12.9206016872,1.0,180.293861,0.00554650055445,6506.6,8.05122811359
9994,52317,1362141.1923,15.6697701448,8.0,95.897591,0.0834223249675,1124651.4,15.0370788915
10072,52318,65781.015341,10.3527647823,,,,,
10073,52321,129388.015159,13.0443019965,,,,,
10074,52322,281091.96031,15.20517346,,,,,
10075,52323,151764.620479,10.0723187455,,,,,
10076,52324,99489.7256919,8.02197976378,1.0,107.056042,0.00934090202961,34158.78,11.8237383178
10085,52325,297163.093669,13.6243026876,,,,,
10086,52326,115538.790129,8.82407674778,,,,,
10087,52327,582936.674514,13.0044962907,2.0,217.607612,0.00919085495961,284329.8,15.3962091282
10111,52328,53848.7669236,-105.309298536,1.0,7.989464,0.125164842097,90.0,20.0
10112,52329,115667.422815,10.9594191025,,,,,
10113,52332,365089.484857,12.2138307074,1.0,110.692089,0.00903406927301,102962.28,11.3868112326
10125,52333,765982.487632,13.7274934457,2.0,234.514567,0.00852825487809,221257.92,13.98419416
10147,52334,444201.80753,12.6268444081,,,,,
10148,52335,140024.11876,9.55312220065,,,,,
10149,52336,312991.849348,11.6720493701,1.0,127.253732,0.00785831569953,38201.4,10.5674688797
10159,52337,182164.830356,13.5864620626,1.0,70.714333,0.0141414046852,1416.24,11.0816901408
10162,52338,309967.033361,13.6472871345,3.0,88.82337,0.033774895053,348528.0,26.4125205751
10194,52339,-1460527.28503,13.7041010538,,,,,
10195,52341,167857.718035,18.7606381901,,,,,
10196,52342,118915.460935,8.75570504209,2.0,232.660911,0.00859620118998,558849.84,13.3007042937
10220,52345,304417.811785,11.1103041731,1.0,8.460683,0.118193767572,22656.5,10.6870283019
10230,52346,192894.538426,10.7833275339,,,,,
10231,52347,321735.386759,12.3882925561,2.0,166.647034,0.0120014137185,32957.28,13.5515131579
10243,52348,-30266.4187446,-2.11156774619,,,,,
10244,52349,683477.133634,12.9863057004,1.0,382.672144,0.0026132030138,332040.12,11.9581701889
10256,52351,343189.094026,14.0200265324,1.0,2.13643,0.468070566319,3485.19,16.6556272401
10259,52352,182715.095398,13.5451506631,1.0,205.022618,0.00487751063641,20102.56,9.7396124031
10267,52353,855664.621204,13.1716478671,5.0,395.338718,0.0126473825415,1441666.98,14.6848534038
10325,52354,-86240.2302809,-62.2525305667,,,,,
10326,52355,-186708.091199,11.9689844229,,,,,
10327,52356,349731.056109,13.1366746709,1.0,232.4078,0.00430278157618,125846.16,12.7273146519
10339,52358,678362.945266,14.2238813237,2.0,200.939529,0.00995324319686,82201.64,11.8744568483
10361,52359,35941.0354287,3.55392050824,,,,,
10362,52361,609874.81827,14.4712119982,2.0,330.197198,0.00605698658897,326208.24,12.0439952859
10386,52362,184512.437515,11.3062347782,,,,,
10387,52401,728093.311236,17.2653523006,3.0,3.464505,0.865924569311,80271.72,13.7089134207
10418,52402,4088884.42406,13.5040651955,28.0,36.420817,0.768791100979,4842123.87,13.6285375909
10709,52403,2058016.36626,14.4275601626,7.0,69.523743,0.100685027847,1534958.54,15.0281983611
10784,52404,3239978.12745,14.0914489149,24.0,142.93349,0.167910263718,3129895.29,13.9479170473
11021,52405,1808755.2737,12.994436576,12.0,38.49318,0.311743534829,1249434.72,12.1227674071
11148,52411,449857.312503,21.0153751808,1.0,44.635019,0.0224039335572,,
11160,52501,3015090.38952,13.9564249574,11.0,591.297871,0.0186031449452,3022195.08,14.3733235019
11270,52531,415817.138015,13.0414265013,2.0,563.107904,0.00355171715011,342964.8,13.9337061287
11294,52533,207989.787461,14.0772015517,,,,,
11295,52534,505255.647857,11.1717869465,,,,,
11296,52535,142953.442408,11.1623956573,,,,,
11297,52536,250313.691025,13.8782702122,,,,,
11298,52537,639759.506627,11.4208837845,1.0,900.130186,0.0011109504109,133833.84,12.3542730546
11310,52542,147881.600964,16.054812548,,,,,
11311,52543,-265170.685035,16.4227139313,,,,,
11312,52544,602776.48606,12.844776185,5.0,355.984819,0.0140455427679,846296.4,11.8775041388
11372,52548,19307.3983718,5.56720497535,,,,,
11373,52549,113194.503539,13.508737227,,,,,
11374,52551,-165621.572446,18.2942126052,,,,,
11375,52552,127221.98299,18.9860706033,,,,,
11376,52553,263430.321518,13.8786658354,1.0,218.424094,0.00457824950392,28584.4,14.5652993631
11386,52554,45225.2934178,8.36059781199,1.0,94.705759,0.0105590199641,35275.13,13.4458280922
11397,52555,90707.7527781,9.43493534042,,,,,
11398,52556,418037.687088,11.7497981971,4.0,458.48455,0.00872439431165,997878.34,15.2955831761
11444,52561,266407.779891,11.9990094203,,,,,
11445,52563,19697.7460174,8.95283289856,,,,,
11446,52565,149710.059773,15.1704141626,2.0,307.637735,0.00650115305263,178788.78,13.713404083
11469,52566,276705.063117,9.87830027369,,,,,
11470,52567,244794.513337,11.9700860905,,,,,
11471,52569,-160343.186466,12.958066658,,,,,
11472,52571,280056.339931,12.8592790017,1.0,276.402554,0.0036179115769,78107.28,17.0950492449
11484,52572,52725.6870061,21.2783763611,,,,,
11485,52573,-292808.098918,16.4805345137,,,,,
11486,52574,103033.268385,14.9762984707,,,,,
11487,52576,251768.045914,11.3368712416,,,,,
11488,52577,937117.702136,12.4479836399,6.0,415.772496,0.014430968998,1480457.16,13.5863538953
11554,52581,-24740.6404515,-12.5123750204,,,,,
11555,52583,-53454.8883677,11.5990645152,,,,,
11556,52584,-105519.89966,7.87484245107,,,,,
11557,52585,281288.261482,15.2370922615,,,,,
11558,52586,235565.560652,12.4054972066,,,,,
11559,52588,339795.747287,17.7406493542,,,,,
11560,52591,304286.114686,12.0223896208,2.0,327.849389,0.00610036213915,153877.32,11.2806006651
11584,52593,148537.876395,34.1676134115,,,,,
11585,52594,98408.6737189,51.0427212416,,,,,
11586,52595,526308.13055,17.2132150271,,,,,
11587,52601,1998477.35836,13.973658482,13.0,312.02532,0.0416632855308,1576655.28,14.6663315401
11715,52619,91921.618315,11.2108612784,,,,,
11716,52621,15762.2126375,-187.216981083,,,,,
11717,52623,123897.679381,10.4791844136,1.0,151.439917,0.00660327884358,3405.36,11.7022680412
11721,52624,67725.8398856,12.1797883962,,,,,
11722,52625,169115.420586,11.835801185,1.0,285.245058,0.00350575749502,15893.64,17.1452427184
11728,52626,16358.5983884,16.0467138887,1.0,247.437264,0.00404142845679,22702.79,13.8015915474
11739,52627,1279831.0639,13.7555850835,6.0,188.414662,0.0318446554865,1377596.2,13.7478641153
11802,52632,941382.250147,13.323488937,7.0,140.470022,0.0498326966874,1415811.0,13.9040796834
11873,52635,377196.825014,11.7369491117,,,,,
11874,52637,248582.436052,14.238194638,1.0,172.04191,0.00581253718934,126300.96,14.8464305362
11886,52638,182483.396854,14.0574793822,,,,,
11887,52639,-5310.5906178,-2.67981155642,2.0,117.469873,0.0170256419703,9843.66,14.6483035714
11894,52641,627978.432083,10.7376888706,5.0,551.76361,0.00906185168681,1379606.24,12.7516429127
11946,52644,87828.273379,11.8204451071,,,,,
11947,52645,4587.3566276,0.878734885222,,,,,
11948,52646,133403.835031,12.6617467065,,,,,
11949,52647,536560.717239,11.7759561775,,,,,
11950,52649,-6323.76528105,-2.09120736867,,,,,
11951,52651,-10726.424468,5.42209972586,,,,,
11952,52653,356975.265599,14.3803781715,3.0,312.47521,0.00960076160922,106269.26,12.3644243702
11975,52654,80605.5410182,12.3041240257,,,,,
11976,52655,586146.995204,14.0953605629,5.0,42.56453,0.117468699878,1105296.69,14.0839641489
12027,52656,359368.63694,13.0531150146,1.0,247.274743,0.00404408468033,253275.84,16.8177848606
12039,52658,-135886.39001,22.6452362389,,,,,
12040,52659,129551.75322,17.1486151459,,,,,
12041,52701,249531.103588,10.785314783,,,,,
12042,52721,-5653.85596441,-1.22121791083,,,,,
12043,52722,1278676.76698,14.8329039855,12.0,73.161625,0.164020413707,1160243.65,13.5574491361
12163,52726,-321498.539894,15.7932691507,1.0,94.823134,0.0105459496835,103729.44,12.3871430004
12175,52727,179247.726809,9.73763267369,,,,,
12176,52728,87415.9298169,6.9960566774,1.0,5.764558,0.17347383789,45171.28,12.6256110684
12187,52729,232854.983365,11.0450155639,,,,,
12188,52731,171637.325818,10.6079084115,,,,,
12189,52732,2141824.39798,13.0207011628,10.0,310.704633,0.032184907909,1607331.18,13.2434380626
12290,52737,-154565.437765,11.0650164632,,,,,
12291,52738,377150.793012,13.626015187,2.0,323.19118,0.0061882876878,175065.36,14.7488045291
12313,52739,-6282.14880288,-3.19113488943,,,,,
12314,52742,583584.782807,12.0334628592,2.0,304.142776,0.00657585896434,254691.76,13.7818724906
12326,52745,396933.86319,13.1064009707,,,,,
12327,52746,48771.8762346,7.48986045067,,,,,
12328,52747,416858.813535,13.0349606751,1.0,56.094151,0.0178271706082,85790.28,11.6101628855
12340,52748,133041.317359,16.1853864267,4.0,107.004915,0.0373814604684,547009.14,13.24964975
12386,52749,70764.8825217,5.97232871259,,,,,
12387,52751,95764.1518869,10.2790194433,1.0,129.085616,0.00774679651372,33772.2,11.5186428191
12399,52752,188920.980773,10.6957573343,,,,,
12400,52753,189221.802847,12.601926457,5.0,68.492183,0.0730010313732,746949.08,20.1836780465
12440,52754,167443.723631,10.6506534423,,,,,
12441,52755,364892.290075,12.1277345129,,,,,
12442,52756,204984.229752,13.1953866506,,,,,
12443,52757,128033.455954,10.1046651825,,,,,
12444,52758,443768.295469,14.3979694832,,,,,
12445,52761,2147895.17055,13.6632973386,15.0,482.973608,0.0310575976648,1691438.33,13.1503689701
12598,52765,158652.366218,9.98438419937,,,,,
12599,52766,211969.870866,13.2703254437,,,,,
12600,52767,-269914.863362,13.4050122615,,,,,
12601,52768,238611.44647,10.5552592304,1.0,89.481384,0.0111755088634,19792.89,9.93813547833
12610,52769,27060.5649659,4.1706223269,,,,,
12612,52772,777514.133604,12.8039468418,3.0,342.328096,0.00876352258273,396586.02,13.1519330641
12645,52773,274542.36073,12.6282358892,,,,,
12646,52774,189339.461429,9.00431732844,,,,,
12647,52776,330098.67384,16.9296946906,3.0,219.678908,0.0136562951232,197166.16,15.5590508928
12675,52777,197563.397335,11.4773198474,1.0,139.946616,0.0071455818553,6258.28,11.4444444444
12682,52778,232726.257389,11.2472921471,2.0,215.972375,0.00926044360998,99498.0,11.1991301646
12703,52801,965046.100992,14.4754398909,,,,,
12704,52802,928020.810452,13.8264824505,8.0,29.294412,0.273089625421,1190381.21,13.450910239
12799,52803,1720034.58019,15.7617506506,6.0,14.068035,0.42649879674,1188641.0,16.1943279572
12860,52804,2671336.67277,15.3106007111,11.0,88.861422,0.123788250879,2785141.38,15.9661194932
12989,52806,3030459.79249,14.0334990282,8.0,79.448284,0.10069443413,2171294.34,13.0071756809
13076,52807,970165.748496,15.1935963347,9.0,76.46944,0.117694074914,1230843.0,15.8835503373
